source_url,source_name,retrieved_at,license_note,record_count,api_url,board_token
https://arrowheadpharma.com/careers/?gh_jid=4958682007,Arrowhead Pharmaceuticals,2026-09-20T02:03:02.423371+00:00,Arrowhead Pharmaceuticals public job advertisement retrieved using the unauthenticated Greenhouse Job Board GET API. Access documentation: https://docs.greenhouse.io/job-board.html; platform legal notices: https://www.greenhouse.com/legal. No open redistribution license identified in the API response. Employer retains rights in posting text. Retained for this private coursework corpus; no public dataset publication or redistribution license claimed.,1,https://boards-api.greenhouse.io/v1/boards/arrowheadpharmacareers/jobs?content=true,arrowheadpharmacareers
https://arrowheadpharma.com/careers/?gh_jid=5095740007,Arrowhead Pharmaceuticals,2026-09-20T02:03:02.423371+00:00,Arrowhead Pharmaceuticals public job advertisement retrieved using the unauthenticated Greenhouse Job Board GET API. Access documentation: https://docs.greenhouse.io/job-board.html; platform legal notices: https://www.greenhouse.com/legal. No open redistribution license identified in the API response. Employer retains rights in posting text. Retained for this private coursework corpus; no public dataset publication or redistribution license claimed.,1,https://boards-api.greenhouse.io/v1/boards/arrowheadpharmacareers/jobs?content=true,arrowheadpharmacareers
https://arrowheadpharma.com/careers/?gh_jid=5095750007,Arrowhead Pharmaceuticals,2026-09-20T02:03:02.423371+00:00,Arrowhead Pharmaceuticals public job advertisement retrieved using the unauthenticated Greenhouse Job Board GET API. Access documentation: https://docs.greenhouse.io/job-board.html; platform legal notices: https://www.greenhouse.com/legal. No open redistribution license identified in the API response. Employer retains rights in posting text. Retained for this private coursework corpus; no public dataset publication or redistribution license claimed.,1,https://boards-api.greenhouse.io/v1/boards/arrowheadpharmacareers/jobs?content=true,arrowheadpharmacareers
https://arrowheadpharma.com/careers/?gh_jid=5124573007,Arrowhead Pharmaceuticals,2026-09-20T02:03:02.423371+00:00,Arrowhead Pharmaceuticals public job advertisement retrieved using the unauthenticated Greenhouse Job Board GET API. Access documentation: https://docs.greenhouse.io/job-board.html; platform legal notices: https://www.greenhouse.com/legal. No open redistribution license identified in the API response. Employer retains rights in posting text. Retained for this private coursework corpus; no public dataset publication or redistribution license claimed.,1,https://boards-api.greenhouse.io/v1/boards/arrowheadpharmacareers/jobs?content=true,arrowheadpharmacareers
https://arrowheadpharma.com/careers/?gh_jid=5130292007,Arrowhead Pharmaceuticals,2026-09-20T02:03:02.423371+00:00,Arrowhead Pharmaceuticals public job advertisement retrieved using the unauthenticated Greenhouse Job Board GET API. Access documentation: https://docs.greenhouse.io/job-board.html; platform legal notices: https://www.greenhouse.com/legal. No open redistribution license identified in the API response. Employer retains rights in posting text. Retained for this private coursework corpus; no public dataset publication or redistribution license claimed.,1,https://boards-api.greenhouse.io/v1/boards/arrowheadpharmacareers/jobs?content=true,arrowheadpharmacareers
https://arrowheadpharma.com/careers/?gh_jid=5146360007,Arrowhead Pharmaceuticals,2026-09-20T02:03:02.423371+00:00,Arrowhead Pharmaceuticals public job advertisement retrieved using the unauthenticated Greenhouse Job Board GET API. Access documentation: https://docs.greenhouse.io/job-board.html; platform legal notices: https://www.greenhouse.com/legal. No open redistribution license identified in the API response. Employer retains rights in posting text. Retained for this private coursework corpus; no public dataset publication or redistribution license claimed.,1,https://boards-api.greenhouse.io/v1/boards/arrowheadpharmacareers/jobs?content=true,arrowheadpharmacareers
https://arrowheadpharma.com/careers/?gh_jid=5151979007,Arrowhead Pharmaceuticals,2026-09-20T02:03:02.423371+00:00,Arrowhead Pharmaceuticals public job advertisement retrieved using the unauthenticated Greenhouse Job Board GET API. Access documentation: https://docs.greenhouse.io/job-board.html; platform legal notices: https://www.greenhouse.com/legal. No open redistribution license identified in the API response. Employer retains rights in posting text. Retained for this private coursework corpus; no public dataset publication or redistribution license claimed.,1,https://boards-api.greenhouse.io/v1/boards/arrowheadpharmacareers/jobs?content=true,arrowheadpharmacareers
https://arrowheadpharma.com/careers/?gh_jid=5152086007,Arrowhead Pharmaceuticals,2026-09-20T02:03:02.423371+00:00,Arrowhead Pharmaceuticals public job advertisement retrieved using the unauthenticated Greenhouse Job Board GET API. Access documentation: https://docs.greenhouse.io/job-board.html; platform legal notices: https://www.greenhouse.com/legal. No open redistribution license identified in the API response. Employer retains rights in posting text. Retained for this private coursework corpus; no public dataset publication or redistribution license claimed.,1,https://boards-api.greenhouse.io/v1/boards/arrowheadpharmacareers/jobs?content=true,arrowheadpharmacareers
https://arrowheadpharma.com/careers/?gh_jid=5153072007,Arrowhead Pharmaceuticals,2026-09-20T02:03:02.423371+00:00,Arrowhead Pharmaceuticals public job advertisement retrieved using the unauthenticated Greenhouse Job Board GET API. Access documentation: https://docs.greenhouse.io/job-board.html; platform legal notices: https://www.greenhouse.com/legal. No open redistribution license identified in the API response. Employer retains rights in posting text. Retained for this private coursework corpus; no public dataset publication or redistribution license claimed.,1,https://boards-api.greenhouse.io/v1/boards/arrowheadpharmacareers/jobs?content=true,arrowheadpharmacareers
https://arrowheadpharma.com/careers/?gh_jid=5174150007,Arrowhead Pharmaceuticals,2026-09-20T02:03:02.423371+00:00,Arrowhead Pharmaceuticals public job advertisement retrieved using the unauthenticated Greenhouse Job Board GET API. Access documentation: https://docs.greenhouse.io/job-board.html; platform legal notices: https://www.greenhouse.com/legal. No open redistribution license identified in the API response. Employer retains rights in posting text. Retained for this private coursework corpus; no public dataset publication or redistribution license claimed.,1,https://boards-api.greenhouse.io/v1/boards/arrowheadpharmacareers/jobs?content=true,arrowheadpharmacareers
https://arrowheadpharma.com/careers/?gh_jid=5180261007,Arrowhead Pharmaceuticals,2026-09-20T02:03:02.423371+00:00,Arrowhead Pharmaceuticals public job advertisement retrieved using the unauthenticated Greenhouse Job Board GET API. Access documentation: https://docs.greenhouse.io/job-board.html; platform legal notices: https://www.greenhouse.com/legal. No open redistribution license identified in the API response. Employer retains rights in posting text. Retained for this private coursework corpus; no public dataset publication or redistribution license claimed.,1,https://boards-api.greenhouse.io/v1/boards/arrowheadpharmacareers/jobs?content=true,arrowheadpharmacareers
https://arrowheadpharma.com/careers/?gh_jid=5180582007,Arrowhead Pharmaceuticals,2026-09-20T02:03:02.423371+00:00,Arrowhead Pharmaceuticals public job advertisement retrieved using the unauthenticated Greenhouse Job Board GET API. Access documentation: https://docs.greenhouse.io/job-board.html; platform legal notices: https://www.greenhouse.com/legal. No open redistribution license identified in the API response. Employer retains rights in posting text. Retained for this private coursework corpus; no public dataset publication or redistribution license claimed.,1,https://boards-api.greenhouse.io/v1/boards/arrowheadpharmacareers/jobs?content=true,arrowheadpharmacareers
https://arrowheadpharma.com/careers/?gh_jid=5181318007,Arrowhead Pharmaceuticals,2026-09-20T02:03:02.423371+00:00,Arrowhead Pharmaceuticals public job advertisement retrieved using the unauthenticated Greenhouse Job Board GET API. Access documentation: https://docs.greenhouse.io/job-board.html; platform legal notices: https://www.greenhouse.com/legal. No open redistribution license identified in the API response. Employer retains rights in posting text. Retained for this private coursework corpus; no public dataset publication or redistribution license claimed.,1,https://boards-api.greenhouse.io/v1/boards/arrowheadpharmacareers/jobs?content=true,arrowheadpharmacareers
https://arrowheadpharma.com/careers/?gh_jid=5181432007,Arrowhead Pharmaceuticals,2026-09-20T02:03:02.423371+00:00,Arrowhead Pharmaceuticals public job advertisement retrieved using the unauthenticated Greenhouse Job Board GET API. Access documentation: https://docs.greenhouse.io/job-board.html; platform legal notices: https://www.greenhouse.com/legal. No open redistribution license identified in the API response. Employer retains rights in posting text. Retained for this private coursework corpus; no public dataset publication or redistribution license claimed.,1,https://boards-api.greenhouse.io/v1/boards/arrowheadpharmacareers/jobs?content=true,arrowheadpharmacareers
https://arrowheadpharma.com/careers/?gh_jid=5188021007,Arrowhead Pharmaceuticals,2026-09-20T02:03:02.423371+00:00,Arrowhead Pharmaceuticals public job advertisement retrieved using the unauthenticated Greenhouse Job Board GET API. Access documentation: https://docs.greenhouse.io/job-board.html; platform legal notices: https://www.greenhouse.com/legal. No open redistribution license identified in the API response. Employer retains rights in posting text. Retained for this private coursework corpus; no public dataset publication or redistribution license claimed.,1,https://boards-api.greenhouse.io/v1/boards/arrowheadpharmacareers/jobs?content=true,arrowheadpharmacareers
https://arrowheadpharma.com/careers/?gh_jid=5188281007,Arrowhead Pharmaceuticals,2026-09-20T02:03:02.423371+00:00,Arrowhead Pharmaceuticals public job advertisement retrieved using the unauthenticated Greenhouse Job Board GET API. Access documentation: https://docs.greenhouse.io/job-board.html; platform legal notices: https://www.greenhouse.com/legal. No open redistribution license identified in the API response. Employer retains rights in posting text. Retained for this private coursework corpus; no public dataset publication or redistribution license claimed.,1,https://boards-api.greenhouse.io/v1/boards/arrowheadpharmacareers/jobs?content=true,arrowheadpharmacareers
https://arrowheadpharma.com/careers/?gh_jid=5188291007,Arrowhead Pharmaceuticals,2026-09-20T02:03:02.423371+00:00,Arrowhead Pharmaceuticals public job advertisement retrieved using the unauthenticated Greenhouse Job Board GET API. Access documentation: https://docs.greenhouse.io/job-board.html; platform legal notices: https://www.greenhouse.com/legal. No open redistribution license identified in the API response. Employer retains rights in posting text. Retained for this private coursework corpus; no public dataset publication or redistribution license claimed.,1,https://boards-api.greenhouse.io/v1/boards/arrowheadpharmacareers/jobs?content=true,arrowheadpharmacareers
https://arrowheadpharma.com/careers/?gh_jid=5191658007,Arrowhead Pharmaceuticals,2026-09-20T02:03:02.423371+00:00,Arrowhead Pharmaceuticals public job advertisement retrieved using the unauthenticated Greenhouse Job Board GET API. Access documentation: https://docs.greenhouse.io/job-board.html; platform legal notices: https://www.greenhouse.com/legal. No open redistribution license identified in the API response. Employer retains rights in posting text. Retained for this private coursework corpus; no public dataset publication or redistribution license claimed.,1,https://boards-api.greenhouse.io/v1/boards/arrowheadpharmacareers/jobs?content=true,arrowheadpharmacareers
https://arrowheadpharma.com/careers/?gh_jid=5194543007,Arrowhead Pharmaceuticals,2026-09-20T02:03:02.423371+00:00,Arrowhead Pharmaceuticals public job advertisement retrieved using the unauthenticated Greenhouse Job Board GET API. Access documentation: https://docs.greenhouse.io/job-board.html; platform legal notices: https://www.greenhouse.com/legal. No open redistribution license identified in the API response. Employer retains rights in posting text. Retained for this private coursework corpus; no public dataset publication or redistribution license claimed.,1,https://boards-api.greenhouse.io/v1/boards/arrowheadpharmacareers/jobs?content=true,arrowheadpharmacareers
https://arrowheadpharma.com/careers/?gh_jid=5197095007,Arrowhead Pharmaceuticals,2026-09-20T02:03:02.423371+00:00,Arrowhead Pharmaceuticals public job advertisement retrieved using the unauthenticated Greenhouse Job Board GET API. Access documentation: https://docs.greenhouse.io/job-board.html; platform legal notices: https://www.greenhouse.com/legal. No open redistribution license identified in the API response. Employer retains rights in posting text. Retained for this private coursework corpus; no public dataset publication or redistribution license claimed.,1,https://boards-api.greenhouse.io/v1/boards/arrowheadpharmacareers/jobs?content=true,arrowheadpharmacareers
https://arrowheadpharma.com/careers/?gh_jid=5202407007,Arrowhead Pharmaceuticals,2026-09-20T02:03:02.423371+00:00,Arrowhead Pharmaceuticals public job advertisement retrieved using the unauthenticated Greenhouse Job Board GET API. Access documentation: https://docs.greenhouse.io/job-board.html; platform legal notices: https://www.greenhouse.com/legal. No open redistribution license identified in the API response. Employer retains rights in posting text. Retained for this private coursework corpus; no public dataset publication or redistribution license claimed.,1,https://boards-api.greenhouse.io/v1/boards/arrowheadpharmacareers/jobs?content=true,arrowheadpharmacareers
https://arrowheadpharma.com/careers/?gh_jid=5202419007,Arrowhead Pharmaceuticals,2026-09-20T02:03:02.423371+00:00,Arrowhead Pharmaceuticals public job advertisement retrieved using the unauthenticated Greenhouse Job Board GET API. Access documentation: https://docs.greenhouse.io/job-board.html; platform legal notices: https://www.greenhouse.com/legal. No open redistribution license identified in the API response. Employer retains rights in posting text. Retained for this private coursework corpus; no public dataset publication or redistribution license claimed.,1,https://boards-api.greenhouse.io/v1/boards/arrowheadpharmacareers/jobs?content=true,arrowheadpharmacareers
https://arrowheadpharma.com/careers/?gh_jid=5202437007,Arrowhead Pharmaceuticals,2026-09-20T02:03:02.423371+00:00,Arrowhead Pharmaceuticals public job advertisement retrieved using the unauthenticated Greenhouse Job Board GET API. Access documentation: https://docs.greenhouse.io/job-board.html; platform legal notices: https://www.greenhouse.com/legal. No open redistribution license identified in the API response. Employer retains rights in posting text. Retained for this private coursework corpus; no public dataset publication or redistribution license claimed.,1,https://boards-api.greenhouse.io/v1/boards/arrowheadpharmacareers/jobs?content=true,arrowheadpharmacareers
https://arrowheadpharma.com/careers/?gh_jid=5202441007,Arrowhead Pharmaceuticals,2026-09-20T02:03:02.423371+00:00,Arrowhead Pharmaceuticals public job advertisement retrieved using the unauthenticated Greenhouse Job Board GET API. Access documentation: https://docs.greenhouse.io/job-board.html; platform legal notices: https://www.greenhouse.com/legal. No open redistribution license identified in the API response. Employer retains rights in posting text. Retained for this private coursework corpus; no public dataset publication or redistribution license claimed.,1,https://boards-api.greenhouse.io/v1/boards/arrowheadpharmacareers/jobs?content=true,arrowheadpharmacareers
https://arrowheadpharma.com/careers/?gh_jid=5203857007,Arrowhead Pharmaceuticals,2026-09-20T02:03:02.423371+00:00,Arrowhead Pharmaceuticals public job advertisement retrieved using the unauthenticated Greenhouse Job Board GET API. Access documentation: https://docs.greenhouse.io/job-board.html; platform legal notices: https://www.greenhouse.com/legal. No open redistribution license identified in the API response. Employer retains rights in posting text. Retained for this private coursework corpus; no public dataset publication or redistribution license claimed.,1,https://boards-api.greenhouse.io/v1/boards/arrowheadpharmacareers/jobs?content=true,arrowheadpharmacareers
https://arrowheadpharma.com/careers/?gh_jid=5205044007,Arrowhead Pharmaceuticals,2026-09-20T02:03:02.423371+00:00,Arrowhead Pharmaceuticals public job advertisement retrieved using the unauthenticated Greenhouse Job Board GET API. Access documentation: https://docs.greenhouse.io/job-board.html; platform legal notices: https://www.greenhouse.com/legal. No open redistribution license identified in the API response. Employer retains rights in posting text. Retained for this private coursework corpus; no public dataset publication or redistribution license claimed.,1,https://boards-api.greenhouse.io/v1/boards/arrowheadpharmacareers/jobs?content=true,arrowheadpharmacareers
https://arrowheadpharma.com/careers/?gh_jid=5205813007,Arrowhead Pharmaceuticals,2026-09-20T02:03:02.423371+00:00,Arrowhead Pharmaceuticals public job advertisement retrieved using the unauthenticated Greenhouse Job Board GET API. Access documentation: https://docs.greenhouse.io/job-board.html; platform legal notices: https://www.greenhouse.com/legal. No open redistribution license identified in the API response. Employer retains rights in posting text. Retained for this private coursework corpus; no public dataset publication or redistribution license claimed.,1,https://boards-api.greenhouse.io/v1/boards/arrowheadpharmacareers/jobs?content=true,arrowheadpharmacareers
https://arrowheadpharma.com/careers/?gh_jid=5206021007,Arrowhead Pharmaceuticals,2026-09-20T02:03:02.423371+00:00,Arrowhead Pharmaceuticals public job advertisement retrieved using the unauthenticated Greenhouse Job Board GET API. Access documentation: https://docs.greenhouse.io/job-board.html; platform legal notices: https://www.greenhouse.com/legal. No open redistribution license identified in the API response. Employer retains rights in posting text. Retained for this private coursework corpus; no public dataset publication or redistribution license claimed.,1,https://boards-api.greenhouse.io/v1/boards/arrowheadpharmacareers/jobs?content=true,arrowheadpharmacareers
https://arrowheadpharma.com/careers/?gh_jid=5206287007,Arrowhead Pharmaceuticals,2026-09-20T02:03:02.423371+00:00,Arrowhead Pharmaceuticals public job advertisement retrieved using the unauthenticated Greenhouse Job Board GET API. Access documentation: https://docs.greenhouse.io/job-board.html; platform legal notices: https://www.greenhouse.com/legal. No open redistribution license identified in the API response. Employer retains rights in posting text. Retained for this private coursework corpus; no public dataset publication or redistribution license claimed.,1,https://boards-api.greenhouse.io/v1/boards/arrowheadpharmacareers/jobs?content=true,arrowheadpharmacareers
https://arrowheadpharma.com/careers/?gh_jid=5206415007,Arrowhead Pharmaceuticals,2026-09-20T02:03:02.423371+00:00,Arrowhead Pharmaceuticals public job advertisement retrieved using the unauthenticated Greenhouse Job Board GET API. Access documentation: https://docs.greenhouse.io/job-board.html; platform legal notices: https://www.greenhouse.com/legal. No open redistribution license identified in the API response. Employer retains rights in posting text. Retained for this private coursework corpus; no public dataset publication or redistribution license claimed.,1,https://boards-api.greenhouse.io/v1/boards/arrowheadpharmacareers/jobs?content=true,arrowheadpharmacareers
https://arrowheadpharma.com/careers/?gh_jid=5210343007,Arrowhead Pharmaceuticals,2026-09-20T02:03:02.423371+00:00,Arrowhead Pharmaceuticals public job advertisement retrieved using the unauthenticated Greenhouse Job Board GET API. Access documentation: https://docs.greenhouse.io/job-board.html; platform legal notices: https://www.greenhouse.com/legal. No open redistribution license identified in the API response. Employer retains rights in posting text. Retained for this private coursework corpus; no public dataset publication or redistribution license claimed.,1,https://boards-api.greenhouse.io/v1/boards/arrowheadpharmacareers/jobs?content=true,arrowheadpharmacareers
https://arrowheadpharma.com/careers/?gh_jid=5213007007,Arrowhead Pharmaceuticals,2026-09-20T02:03:02.423371+00:00,Arrowhead Pharmaceuticals public job advertisement retrieved using the unauthenticated Greenhouse Job Board GET API. Access documentation: https://docs.greenhouse.io/job-board.html; platform legal notices: https://www.greenhouse.com/legal. No open redistribution license identified in the API response. Employer retains rights in posting text. Retained for this private coursework corpus; no public dataset publication or redistribution license claimed.,1,https://boards-api.greenhouse.io/v1/boards/arrowheadpharmacareers/jobs?content=true,arrowheadpharmacareers
https://arrowheadpharma.com/careers/?gh_jid=5214164007,Arrowhead Pharmaceuticals,2026-09-20T02:03:02.423371+00:00,Arrowhead Pharmaceuticals public job advertisement retrieved using the unauthenticated Greenhouse Job Board GET API. Access documentation: https://docs.greenhouse.io/job-board.html; platform legal notices: https://www.greenhouse.com/legal. No open redistribution license identified in the API response. Employer retains rights in posting text. Retained for this private coursework corpus; no public dataset publication or redistribution license claimed.,1,https://boards-api.greenhouse.io/v1/boards/arrowheadpharmacareers/jobs?content=true,arrowheadpharmacareers
https://arrowheadpharma.com/careers/?gh_jid=5214722007,Arrowhead Pharmaceuticals,2026-09-20T02:03:02.423371+00:00,Arrowhead Pharmaceuticals public job advertisement retrieved using the unauthenticated Greenhouse Job Board GET API. Access documentation: https://docs.greenhouse.io/job-board.html; platform legal notices: https://www.greenhouse.com/legal. No open redistribution license identified in the API response. Employer retains rights in posting text. Retained for this private coursework corpus; no public dataset publication or redistribution license claimed.,1,https://boards-api.greenhouse.io/v1/boards/arrowheadpharmacareers/jobs?content=true,arrowheadpharmacareers
https://arrowheadpharma.com/careers/?gh_jid=5214730007,Arrowhead Pharmaceuticals,2026-09-20T02:03:02.423371+00:00,Arrowhead Pharmaceuticals public job advertisement retrieved using the unauthenticated Greenhouse Job Board GET API. Access documentation: https://docs.greenhouse.io/job-board.html; platform legal notices: https://www.greenhouse.com/legal. No open redistribution license identified in the API response. Employer retains rights in posting text. Retained for this private coursework corpus; no public dataset publication or redistribution license claimed.,1,https://boards-api.greenhouse.io/v1/boards/arrowheadpharmacareers/jobs?content=true,arrowheadpharmacareers
https://arrowheadpharma.com/careers/?gh_jid=5218951007,Arrowhead Pharmaceuticals,2026-09-20T02:03:02.423371+00:00,Arrowhead Pharmaceuticals public job advertisement retrieved using the unauthenticated Greenhouse Job Board GET API. Access documentation: https://docs.greenhouse.io/job-board.html; platform legal notices: https://www.greenhouse.com/legal. No open redistribution license identified in the API response. Employer retains rights in posting text. Retained for this private coursework corpus; no public dataset publication or redistribution license claimed.,1,https://boards-api.greenhouse.io/v1/boards/arrowheadpharmacareers/jobs?content=true,arrowheadpharmacareers
https://arrowheadpharma.com/careers/?gh_jid=5219951007,Arrowhead Pharmaceuticals,2026-09-20T02:03:02.423371+00:00,Arrowhead Pharmaceuticals public job advertisement retrieved using the unauthenticated Greenhouse Job Board GET API. Access documentation: https://docs.greenhouse.io/job-board.html; platform legal notices: https://www.greenhouse.com/legal. No open redistribution license identified in the API response. Employer retains rights in posting text. Retained for this private coursework corpus; no public dataset publication or redistribution license claimed.,1,https://boards-api.greenhouse.io/v1/boards/arrowheadpharmacareers/jobs?content=true,arrowheadpharmacareers
https://arrowheadpharma.com/careers/?gh_jid=5219968007,Arrowhead Pharmaceuticals,2026-09-20T02:03:02.423371+00:00,Arrowhead Pharmaceuticals public job advertisement retrieved using the unauthenticated Greenhouse Job Board GET API. Access documentation: https://docs.greenhouse.io/job-board.html; platform legal notices: https://www.greenhouse.com/legal. No open redistribution license identified in the API response. Employer retains rights in posting text. Retained for this private coursework corpus; no public dataset publication or redistribution license claimed.,1,https://boards-api.greenhouse.io/v1/boards/arrowheadpharmacareers/jobs?content=true,arrowheadpharmacareers
https://arrowheadpharma.com/careers/?gh_jid=5220122007,Arrowhead Pharmaceuticals,2026-09-20T02:03:02.423371+00:00,Arrowhead Pharmaceuticals public job advertisement retrieved using the unauthenticated Greenhouse Job Board GET API. Access documentation: https://docs.greenhouse.io/job-board.html; platform legal notices: https://www.greenhouse.com/legal. No open redistribution license identified in the API response. Employer retains rights in posting text. Retained for this private coursework corpus; no public dataset publication or redistribution license claimed.,1,https://boards-api.greenhouse.io/v1/boards/arrowheadpharmacareers/jobs?content=true,arrowheadpharmacareers
https://arrowheadpharma.com/careers/?gh_jid=5220383007,Arrowhead Pharmaceuticals,2026-09-20T02:03:02.423371+00:00,Arrowhead Pharmaceuticals public job advertisement retrieved using the unauthenticated Greenhouse Job Board GET API. Access documentation: https://docs.greenhouse.io/job-board.html; platform legal notices: https://www.greenhouse.com/legal. No open redistribution license identified in the API response. Employer retains rights in posting text. Retained for this private coursework corpus; no public dataset publication or redistribution license claimed.,1,https://boards-api.greenhouse.io/v1/boards/arrowheadpharmacareers/jobs?content=true,arrowheadpharmacareers
https://arrowheadpharma.com/careers/?gh_jid=5221763007,Arrowhead Pharmaceuticals,2026-09-20T02:03:02.423371+00:00,Arrowhead Pharmaceuticals public job advertisement retrieved using the unauthenticated Greenhouse Job Board GET API. Access documentation: https://docs.greenhouse.io/job-board.html; platform legal notices: https://www.greenhouse.com/legal. No open redistribution license identified in the API response. Employer retains rights in posting text. Retained for this private coursework corpus; no public dataset publication or redistribution license claimed.,1,https://boards-api.greenhouse.io/v1/boards/arrowheadpharmacareers/jobs?content=true,arrowheadpharmacareers
https://arrowheadpharma.com/careers/?gh_jid=5224485007,Arrowhead Pharmaceuticals,2026-09-20T02:03:02.423371+00:00,Arrowhead Pharmaceuticals public job advertisement retrieved using the unauthenticated Greenhouse Job Board GET API. Access documentation: https://docs.greenhouse.io/job-board.html; platform legal notices: https://www.greenhouse.com/legal. No open redistribution license identified in the API response. Employer retains rights in posting text. Retained for this private coursework corpus; no public dataset publication or redistribution license claimed.,1,https://boards-api.greenhouse.io/v1/boards/arrowheadpharmacareers/jobs?content=true,arrowheadpharmacareers
https://arrowheadpharma.com/careers/?gh_jid=5227764007,Arrowhead Pharmaceuticals,2026-09-20T02:03:02.423371+00:00,Arrowhead Pharmaceuticals public job advertisement retrieved using the unauthenticated Greenhouse Job Board GET API. Access documentation: https://docs.greenhouse.io/job-board.html; platform legal notices: https://www.greenhouse.com/legal. No open redistribution license identified in the API response. Employer retains rights in posting text. Retained for this private coursework corpus; no public dataset publication or redistribution license claimed.,1,https://boards-api.greenhouse.io/v1/boards/arrowheadpharmacareers/jobs?content=true,arrowheadpharmacareers
https://arrowheadpharma.com/careers/?gh_jid=5230678007,Arrowhead Pharmaceuticals,2026-09-20T02:03:02.423371+00:00,Arrowhead Pharmaceuticals public job advertisement retrieved using the unauthenticated Greenhouse Job Board GET API. Access documentation: https://docs.greenhouse.io/job-board.html; platform legal notices: https://www.greenhouse.com/legal. No open redistribution license identified in the API response. Employer retains rights in posting text. Retained for this private coursework corpus; no public dataset publication or redistribution license claimed.,1,https://boards-api.greenhouse.io/v1/boards/arrowheadpharmacareers/jobs?content=true,arrowheadpharmacareers
https://arrowheadpharma.com/careers/?gh_jid=5232693007,Arrowhead Pharmaceuticals,2026-09-20T02:03:02.423371+00:00,Arrowhead Pharmaceuticals public job advertisement retrieved using the unauthenticated Greenhouse Job Board GET API. Access documentation: https://docs.greenhouse.io/job-board.html; platform legal notices: https://www.greenhouse.com/legal. No open redistribution license identified in the API response. Employer retains rights in posting text. Retained for this private coursework corpus; no public dataset publication or redistribution license claimed.,1,https://boards-api.greenhouse.io/v1/boards/arrowheadpharmacareers/jobs?content=true,arrowheadpharmacareers
https://arrowheadpharma.com/careers/?gh_jid=5232760007,Arrowhead Pharmaceuticals,2026-09-20T02:03:02.423371+00:00,Arrowhead Pharmaceuticals public job advertisement retrieved using the unauthenticated Greenhouse Job Board GET API. Access documentation: https://docs.greenhouse.io/job-board.html; platform legal notices: https://www.greenhouse.com/legal. No open redistribution license identified in the API response. Employer retains rights in posting text. Retained for this private coursework corpus; no public dataset publication or redistribution license claimed.,1,https://boards-api.greenhouse.io/v1/boards/arrowheadpharmacareers/jobs?content=true,arrowheadpharmacareers
https://arrowheadpharma.com/careers/?gh_jid=5232943007,Arrowhead Pharmaceuticals,2026-09-20T02:03:02.423371+00:00,Arrowhead Pharmaceuticals public job advertisement retrieved using the unauthenticated Greenhouse Job Board GET API. Access documentation: https://docs.greenhouse.io/job-board.html; platform legal notices: https://www.greenhouse.com/legal. No open redistribution license identified in the API response. Employer retains rights in posting text. Retained for this private coursework corpus; no public dataset publication or redistribution license claimed.,1,https://boards-api.greenhouse.io/v1/boards/arrowheadpharmacareers/jobs?content=true,arrowheadpharmacareers
https://arrowheadpharma.com/careers/?gh_jid=5233461007,Arrowhead Pharmaceuticals,2026-09-20T02:03:02.423371+00:00,Arrowhead Pharmaceuticals public job advertisement retrieved using the unauthenticated Greenhouse Job Board GET API. Access documentation: https://docs.greenhouse.io/job-board.html; platform legal notices: https://www.greenhouse.com/legal. No open redistribution license identified in the API response. Employer retains rights in posting text. Retained for this private coursework corpus; no public dataset publication or redistribution license claimed.,1,https://boards-api.greenhouse.io/v1/boards/arrowheadpharmacareers/jobs?content=true,arrowheadpharmacareers
https://arrowheadpharma.com/careers/?gh_jid=5234169007,Arrowhead Pharmaceuticals,2026-09-20T02:03:02.423371+00:00,Arrowhead Pharmaceuticals public job advertisement retrieved using the unauthenticated Greenhouse Job Board GET API. Access documentation: https://docs.greenhouse.io/job-board.html; platform legal notices: https://www.greenhouse.com/legal. No open redistribution license identified in the API response. Employer retains rights in posting text. Retained for this private coursework corpus; no public dataset publication or redistribution license claimed.,1,https://boards-api.greenhouse.io/v1/boards/arrowheadpharmacareers/jobs?content=true,arrowheadpharmacareers
https://arrowheadpharma.com/careers/?gh_jid=5234184007,Arrowhead Pharmaceuticals,2026-09-20T02:03:02.423371+00:00,Arrowhead Pharmaceuticals public job advertisement retrieved using the unauthenticated Greenhouse Job Board GET API. Access documentation: https://docs.greenhouse.io/job-board.html; platform legal notices: https://www.greenhouse.com/legal. No open redistribution license identified in the API response. Employer retains rights in posting text. Retained for this private coursework corpus; no public dataset publication or redistribution license claimed.,1,https://boards-api.greenhouse.io/v1/boards/arrowheadpharmacareers/jobs?content=true,arrowheadpharmacareers
https://arrowheadpharma.com/careers/?gh_jid=5234199007,Arrowhead Pharmaceuticals,2026-09-20T02:03:02.423371+00:00,Arrowhead Pharmaceuticals public job advertisement retrieved using the unauthenticated Greenhouse Job Board GET API. Access documentation: https://docs.greenhouse.io/job-board.html; platform legal notices: https://www.greenhouse.com/legal. No open redistribution license identified in the API response. Employer retains rights in posting text. Retained for this private coursework corpus; no public dataset publication or redistribution license claimed.,1,https://boards-api.greenhouse.io/v1/boards/arrowheadpharmacareers/jobs?content=true,arrowheadpharmacareers
https://arrowheadpharma.com/careers/?gh_jid=5238395007,Arrowhead Pharmaceuticals,2026-09-20T02:03:02.423371+00:00,Arrowhead Pharmaceuticals public job advertisement retrieved using the unauthenticated Greenhouse Job Board GET API. Access documentation: https://docs.greenhouse.io/job-board.html; platform legal notices: https://www.greenhouse.com/legal. No open redistribution license identified in the API response. Employer retains rights in posting text. Retained for this private coursework corpus; no public dataset publication or redistribution license claimed.,1,https://boards-api.greenhouse.io/v1/boards/arrowheadpharmacareers/jobs?content=true,arrowheadpharmacareers
https://arrowheadpharma.com/careers/?gh_jid=5240945007,Arrowhead Pharmaceuticals,2026-09-20T02:03:02.423371+00:00,Arrowhead Pharmaceuticals public job advertisement retrieved using the unauthenticated Greenhouse Job Board GET API. Access documentation: https://docs.greenhouse.io/job-board.html; platform legal notices: https://www.greenhouse.com/legal. No open redistribution license identified in the API response. Employer retains rights in posting text. Retained for this private coursework corpus; no public dataset publication or redistribution license claimed.,1,https://boards-api.greenhouse.io/v1/boards/arrowheadpharmacareers/jobs?content=true,arrowheadpharmacareers
https://job-boards.greenhouse.io/beamtherapeutics/jobs/8350466002,Beam Therapeutics,2026-09-20T02:02:16.348112+00:00,Beam Therapeutics public job advertisement retrieved using the unauthenticated Greenhouse Job Board GET API. Access documentation: https://docs.greenhouse.io/job-board.html; platform legal notices: https://www.greenhouse.com/legal. No open redistribution license identified in the API response. Employer retains rights in posting text. Retained for this private coursework corpus; no public dataset publication or redistribution license claimed.,1,https://boards-api.greenhouse.io/v1/boards/beamtherapeutics/jobs?content=true,beamtherapeutics
https://job-boards.greenhouse.io/beamtherapeutics/jobs/8378438002,Beam Therapeutics,2026-09-20T02:02:16.348112+00:00,Beam Therapeutics public job advertisement retrieved using the unauthenticated Greenhouse Job Board GET API. Access documentation: https://docs.greenhouse.io/job-board.html; platform legal notices: https://www.greenhouse.com/legal. No open redistribution license identified in the API response. Employer retains rights in posting text. Retained for this private coursework corpus; no public dataset publication or redistribution license claimed.,1,https://boards-api.greenhouse.io/v1/boards/beamtherapeutics/jobs?content=true,beamtherapeutics
https://job-boards.greenhouse.io/beamtherapeutics/jobs/8392998002,Beam Therapeutics,2026-09-20T02:02:16.348112+00:00,Beam Therapeutics public job advertisement retrieved using the unauthenticated Greenhouse Job Board GET API. Access documentation: https://docs.greenhouse.io/job-board.html; platform legal notices: https://www.greenhouse.com/legal. No open redistribution license identified in the API response. Employer retains rights in posting text. Retained for this private coursework corpus; no public dataset publication or redistribution license claimed.,1,https://boards-api.greenhouse.io/v1/boards/beamtherapeutics/jobs?content=true,beamtherapeutics
https://job-boards.greenhouse.io/beamtherapeutics/jobs/8501507002,Beam Therapeutics,2026-09-20T02:02:16.348112+00:00,Beam Therapeutics public job advertisement retrieved using the unauthenticated Greenhouse Job Board GET API. Access documentation: https://docs.greenhouse.io/job-board.html; platform legal notices: https://www.greenhouse.com/legal. No open redistribution license identified in the API response. Employer retains rights in posting text. Retained for this private coursework corpus; no public dataset publication or redistribution license claimed.,1,https://boards-api.greenhouse.io/v1/boards/beamtherapeutics/jobs?content=true,beamtherapeutics
https://job-boards.greenhouse.io/beamtherapeutics/jobs/8583823002,Beam Therapeutics,2026-09-20T02:02:16.348112+00:00,Beam Therapeutics public job advertisement retrieved using the unauthenticated Greenhouse Job Board GET API. Access documentation: https://docs.greenhouse.io/job-board.html; platform legal notices: https://www.greenhouse.com/legal. No open redistribution license identified in the API response. Employer retains rights in posting text. Retained for this private coursework corpus; no public dataset publication or redistribution license claimed.,1,https://boards-api.greenhouse.io/v1/boards/beamtherapeutics/jobs?content=true,beamtherapeutics
https://job-boards.greenhouse.io/beamtherapeutics/jobs/8594598002,Beam Therapeutics,2026-09-20T02:02:16.348112+00:00,Beam Therapeutics public job advertisement retrieved using the unauthenticated Greenhouse Job Board GET API. Access documentation: https://docs.greenhouse.io/job-board.html; platform legal notices: https://www.greenhouse.com/legal. No open redistribution license identified in the API response. Employer retains rights in posting text. Retained for this private coursework corpus; no public dataset publication or redistribution license claimed.,1,https://boards-api.greenhouse.io/v1/boards/beamtherapeutics/jobs?content=true,beamtherapeutics
https://job-boards.greenhouse.io/beamtherapeutics/jobs/8596615002,Beam Therapeutics,2026-09-20T02:02:16.348112+00:00,Beam Therapeutics public job advertisement retrieved using the unauthenticated Greenhouse Job Board GET API. Access documentation: https://docs.greenhouse.io/job-board.html; platform legal notices: https://www.greenhouse.com/legal. No open redistribution license identified in the API response. Employer retains rights in posting text. Retained for this private coursework corpus; no public dataset publication or redistribution license claimed.,1,https://boards-api.greenhouse.io/v1/boards/beamtherapeutics/jobs?content=true,beamtherapeutics
https://job-boards.greenhouse.io/beamtherapeutics/jobs/8617840002,Beam Therapeutics,2026-09-20T02:02:16.348112+00:00,Beam Therapeutics public job advertisement retrieved using the unauthenticated Greenhouse Job Board GET API. Access documentation: https://docs.greenhouse.io/job-board.html; platform legal notices: https://www.greenhouse.com/legal. No open redistribution license identified in the API response. Employer retains rights in posting text. Retained for this private coursework corpus; no public dataset publication or redistribution license claimed.,1,https://boards-api.greenhouse.io/v1/boards/beamtherapeutics/jobs?content=true,beamtherapeutics
https://job-boards.greenhouse.io/beamtherapeutics/jobs/8618012002,Beam Therapeutics,2026-09-20T02:02:16.348112+00:00,Beam Therapeutics public job advertisement retrieved using the unauthenticated Greenhouse Job Board GET API. Access documentation: https://docs.greenhouse.io/job-board.html; platform legal notices: https://www.greenhouse.com/legal. No open redistribution license identified in the API response. Employer retains rights in posting text. Retained for this private coursework corpus; no public dataset publication or redistribution license claimed.,1,https://boards-api.greenhouse.io/v1/boards/beamtherapeutics/jobs?content=true,beamtherapeutics
https://job-boards.greenhouse.io/beamtherapeutics/jobs/8621019002,Beam Therapeutics,2026-09-20T02:02:16.348112+00:00,Beam Therapeutics public job advertisement retrieved using the unauthenticated Greenhouse Job Board GET API. Access documentation: https://docs.greenhouse.io/job-board.html; platform legal notices: https://www.greenhouse.com/legal. No open redistribution license identified in the API response. Employer retains rights in posting text. Retained for this private coursework corpus; no public dataset publication or redistribution license claimed.,1,https://boards-api.greenhouse.io/v1/boards/beamtherapeutics/jobs?content=true,beamtherapeutics
https://job-boards.greenhouse.io/beamtherapeutics/jobs/8621029002,Beam Therapeutics,2026-09-20T02:02:16.348112+00:00,Beam Therapeutics public job advertisement retrieved using the unauthenticated Greenhouse Job Board GET API. Access documentation: https://docs.greenhouse.io/job-board.html; platform legal notices: https://www.greenhouse.com/legal. No open redistribution license identified in the API response. Employer retains rights in posting text. Retained for this private coursework corpus; no public dataset publication or redistribution license claimed.,1,https://boards-api.greenhouse.io/v1/boards/beamtherapeutics/jobs?content=true,beamtherapeutics
https://job-boards.greenhouse.io/beamtherapeutics/jobs/8636699002,Beam Therapeutics,2026-09-20T02:02:16.348112+00:00,Beam Therapeutics public job advertisement retrieved using the unauthenticated Greenhouse Job Board GET API. Access documentation: https://docs.greenhouse.io/job-board.html; platform legal notices: https://www.greenhouse.com/legal. No open redistribution license identified in the API response. Employer retains rights in posting text. Retained for this private coursework corpus; no public dataset publication or redistribution license claimed.,1,https://boards-api.greenhouse.io/v1/boards/beamtherapeutics/jobs?content=true,beamtherapeutics
https://job-boards.greenhouse.io/beamtherapeutics/jobs/8641907002,Beam Therapeutics,2026-09-20T02:02:16.348112+00:00,Beam Therapeutics public job advertisement retrieved using the unauthenticated Greenhouse Job Board GET API. Access documentation: https://docs.greenhouse.io/job-board.html; platform legal notices: https://www.greenhouse.com/legal. No open redistribution license identified in the API response. Employer retains rights in posting text. Retained for this private coursework corpus; no public dataset publication or redistribution license claimed.,1,https://boards-api.greenhouse.io/v1/boards/beamtherapeutics/jobs?content=true,beamtherapeutics
https://job-boards.greenhouse.io/beamtherapeutics/jobs/8642712002,Beam Therapeutics,2026-09-20T02:02:16.348112+00:00,Beam Therapeutics public job advertisement retrieved using the unauthenticated Greenhouse Job Board GET API. Access documentation: https://docs.greenhouse.io/job-board.html; platform legal notices: https://www.greenhouse.com/legal. No open redistribution license identified in the API response. Employer retains rights in posting text. Retained for this private coursework corpus; no public dataset publication or redistribution license claimed.,1,https://boards-api.greenhouse.io/v1/boards/beamtherapeutics/jobs?content=true,beamtherapeutics
https://job-boards.greenhouse.io/beamtherapeutics/jobs/8642789002,Beam Therapeutics,2026-09-20T02:02:16.348112+00:00,Beam Therapeutics public job advertisement retrieved using the unauthenticated Greenhouse Job Board GET API. Access documentation: https://docs.greenhouse.io/job-board.html; platform legal notices: https://www.greenhouse.com/legal. No open redistribution license identified in the API response. Employer retains rights in posting text. Retained for this private coursework corpus; no public dataset publication or redistribution license claimed.,1,https://boards-api.greenhouse.io/v1/boards/beamtherapeutics/jobs?content=true,beamtherapeutics
https://job-boards.greenhouse.io/beamtherapeutics/jobs/8687065002,Beam Therapeutics,2026-09-20T02:02:16.348112+00:00,Beam Therapeutics public job advertisement retrieved using the unauthenticated Greenhouse Job Board GET API. Access documentation: https://docs.greenhouse.io/job-board.html; platform legal notices: https://www.greenhouse.com/legal. No open redistribution license identified in the API response. Employer retains rights in posting text. Retained for this private coursework corpus; no public dataset publication or redistribution license claimed.,1,https://boards-api.greenhouse.io/v1/boards/beamtherapeutics/jobs?content=true,beamtherapeutics
https://job-boards.greenhouse.io/beamtherapeutics/jobs/8687101002,Beam Therapeutics,2026-09-20T02:02:16.348112+00:00,Beam Therapeutics public job advertisement retrieved using the unauthenticated Greenhouse Job Board GET API. Access documentation: https://docs.greenhouse.io/job-board.html; platform legal notices: https://www.greenhouse.com/legal. No open redistribution license identified in the API response. Employer retains rights in posting text. Retained for this private coursework corpus; no public dataset publication or redistribution license claimed.,1,https://boards-api.greenhouse.io/v1/boards/beamtherapeutics/jobs?content=true,beamtherapeutics
https://job-boards.greenhouse.io/beamtherapeutics/jobs/8693414002,Beam Therapeutics,2026-09-20T02:02:16.348112+00:00,Beam Therapeutics public job advertisement retrieved using the unauthenticated Greenhouse Job Board GET API. Access documentation: https://docs.greenhouse.io/job-board.html; platform legal notices: https://www.greenhouse.com/legal. No open redistribution license identified in the API response. Employer retains rights in posting text. Retained for this private coursework corpus; no public dataset publication or redistribution license claimed.,1,https://boards-api.greenhouse.io/v1/boards/beamtherapeutics/jobs?content=true,beamtherapeutics
https://job-boards.greenhouse.io/beamtherapeutics/jobs/8760769002,Beam Therapeutics,2026-09-20T02:02:16.348112+00:00,Beam Therapeutics public job advertisement retrieved using the unauthenticated Greenhouse Job Board GET API. Access documentation: https://docs.greenhouse.io/job-board.html; platform legal notices: https://www.greenhouse.com/legal. No open redistribution license identified in the API response. Employer retains rights in posting text. Retained for this private coursework corpus; no public dataset publication or redistribution license claimed.,1,https://boards-api.greenhouse.io/v1/boards/beamtherapeutics/jobs?content=true,beamtherapeutics
https://job-boards.greenhouse.io/beamtherapeutics/jobs/8760825002,Beam Therapeutics,2026-09-20T02:02:16.348112+00:00,Beam Therapeutics public job advertisement retrieved using the unauthenticated Greenhouse Job Board GET API. Access documentation: https://docs.greenhouse.io/job-board.html; platform legal notices: https://www.greenhouse.com/legal. No open redistribution license identified in the API response. Employer retains rights in posting text. Retained for this private coursework corpus; no public dataset publication or redistribution license claimed.,1,https://boards-api.greenhouse.io/v1/boards/beamtherapeutics/jobs?content=true,beamtherapeutics
https://job-boards.greenhouse.io/beamtherapeutics/jobs/8780049002,Beam Therapeutics,2026-09-20T02:02:16.348112+00:00,Beam Therapeutics public job advertisement retrieved using the unauthenticated Greenhouse Job Board GET API. Access documentation: https://docs.greenhouse.io/job-board.html; platform legal notices: https://www.greenhouse.com/legal. No open redistribution license identified in the API response. Employer retains rights in posting text. Retained for this private coursework corpus; no public dataset publication or redistribution license claimed.,1,https://boards-api.greenhouse.io/v1/boards/beamtherapeutics/jobs?content=true,beamtherapeutics
https://job-boards.greenhouse.io/beamtherapeutics/jobs/8790644002,Beam Therapeutics,2026-09-20T02:02:16.348112+00:00,Beam Therapeutics public job advertisement retrieved using the unauthenticated Greenhouse Job Board GET API. Access documentation: https://docs.greenhouse.io/job-board.html; platform legal notices: https://www.greenhouse.com/legal. No open redistribution license identified in the API response. Employer retains rights in posting text. Retained for this private coursework corpus; no public dataset publication or redistribution license claimed.,1,https://boards-api.greenhouse.io/v1/boards/beamtherapeutics/jobs?content=true,beamtherapeutics
https://job-boards.greenhouse.io/beamtherapeutics/jobs/8795480002,Beam Therapeutics,2026-09-20T02:02:16.348112+00:00,Beam Therapeutics public job advertisement retrieved using the unauthenticated Greenhouse Job Board GET API. Access documentation: https://docs.greenhouse.io/job-board.html; platform legal notices: https://www.greenhouse.com/legal. No open redistribution license identified in the API response. Employer retains rights in posting text. Retained for this private coursework corpus; no public dataset publication or redistribution license claimed.,1,https://boards-api.greenhouse.io/v1/boards/beamtherapeutics/jobs?content=true,beamtherapeutics
https://job-boards.greenhouse.io/beamtherapeutics/jobs/8795526002,Beam Therapeutics,2026-09-20T02:02:16.348112+00:00,Beam Therapeutics public job advertisement retrieved using the unauthenticated Greenhouse Job Board GET API. Access documentation: https://docs.greenhouse.io/job-board.html; platform legal notices: https://www.greenhouse.com/legal. No open redistribution license identified in the API response. Employer retains rights in posting text. Retained for this private coursework corpus; no public dataset publication or redistribution license claimed.,1,https://boards-api.greenhouse.io/v1/boards/beamtherapeutics/jobs?content=true,beamtherapeutics
https://job-boards.greenhouse.io/beamtherapeutics/jobs/8795551002,Beam Therapeutics,2026-09-20T02:02:16.348112+00:00,Beam Therapeutics public job advertisement retrieved using the unauthenticated Greenhouse Job Board GET API. Access documentation: https://docs.greenhouse.io/job-board.html; platform legal notices: https://www.greenhouse.com/legal. No open redistribution license identified in the API response. Employer retains rights in posting text. Retained for this private coursework corpus; no public dataset publication or redistribution license claimed.,1,https://boards-api.greenhouse.io/v1/boards/beamtherapeutics/jobs?content=true,beamtherapeutics
https://job-boards.greenhouse.io/beamtherapeutics/jobs/8795574002,Beam Therapeutics,2026-09-20T02:02:16.348112+00:00,Beam Therapeutics public job advertisement retrieved using the unauthenticated Greenhouse Job Board GET API. Access documentation: https://docs.greenhouse.io/job-board.html; platform legal notices: https://www.greenhouse.com/legal. No open redistribution license identified in the API response. Employer retains rights in posting text. Retained for this private coursework corpus; no public dataset publication or redistribution license claimed.,1,https://boards-api.greenhouse.io/v1/boards/beamtherapeutics/jobs?content=true,beamtherapeutics
https://job-boards.greenhouse.io/beamtherapeutics/jobs/8795603002,Beam Therapeutics,2026-09-20T02:02:16.348112+00:00,Beam Therapeutics public job advertisement retrieved using the unauthenticated Greenhouse Job Board GET API. Access documentation: https://docs.greenhouse.io/job-board.html; platform legal notices: https://www.greenhouse.com/legal. No open redistribution license identified in the API response. Employer retains rights in posting text. Retained for this private coursework corpus; no public dataset publication or redistribution license claimed.,1,https://boards-api.greenhouse.io/v1/boards/beamtherapeutics/jobs?content=true,beamtherapeutics
https://job-boards.greenhouse.io/beamtherapeutics/jobs/8795612002,Beam Therapeutics,2026-09-20T02:02:16.348112+00:00,Beam Therapeutics public job advertisement retrieved using the unauthenticated Greenhouse Job Board GET API. Access documentation: https://docs.greenhouse.io/job-board.html; platform legal notices: https://www.greenhouse.com/legal. No open redistribution license identified in the API response. Employer retains rights in posting text. Retained for this private coursework corpus; no public dataset publication or redistribution license claimed.,1,https://boards-api.greenhouse.io/v1/boards/beamtherapeutics/jobs?content=true,beamtherapeutics
https://job-boards.greenhouse.io/beamtherapeutics/jobs/8795629002,Beam Therapeutics,2026-09-20T02:02:16.348112+00:00,Beam Therapeutics public job advertisement retrieved using the unauthenticated Greenhouse Job Board GET API. Access documentation: https://docs.greenhouse.io/job-board.html; platform legal notices: https://www.greenhouse.com/legal. No open redistribution license identified in the API response. Employer retains rights in posting text. Retained for this private coursework corpus; no public dataset publication or redistribution license claimed.,1,https://boards-api.greenhouse.io/v1/boards/beamtherapeutics/jobs?content=true,beamtherapeutics
https://job-boards.greenhouse.io/beamtherapeutics/jobs/8795637002,Beam Therapeutics,2026-09-20T02:02:16.348112+00:00,Beam Therapeutics public job advertisement retrieved using the unauthenticated Greenhouse Job Board GET API. Access documentation: https://docs.greenhouse.io/job-board.html; platform legal notices: https://www.greenhouse.com/legal. No open redistribution license identified in the API response. Employer retains rights in posting text. Retained for this private coursework corpus; no public dataset publication or redistribution license claimed.,1,https://boards-api.greenhouse.io/v1/boards/beamtherapeutics/jobs?content=true,beamtherapeutics
https://job-boards.greenhouse.io/beamtherapeutics/jobs/8796651002,Beam Therapeutics,2026-09-20T02:02:16.348112+00:00,Beam Therapeutics public job advertisement retrieved using the unauthenticated Greenhouse Job Board GET API. Access documentation: https://docs.greenhouse.io/job-board.html; platform legal notices: https://www.greenhouse.com/legal. No open redistribution license identified in the API response. Employer retains rights in posting text. Retained for this private coursework corpus; no public dataset publication or redistribution license claimed.,1,https://boards-api.greenhouse.io/v1/boards/beamtherapeutics/jobs?content=true,beamtherapeutics
https://job-boards.greenhouse.io/beamtherapeutics/jobs/8814985002,Beam Therapeutics,2026-09-20T02:02:16.348112+00:00,Beam Therapeutics public job advertisement retrieved using the unauthenticated Greenhouse Job Board GET API. Access documentation: https://docs.greenhouse.io/job-board.html; platform legal notices: https://www.greenhouse.com/legal. No open redistribution license identified in the API response. Employer retains rights in posting text. Retained for this private coursework corpus; no public dataset publication or redistribution license claimed.,1,https://boards-api.greenhouse.io/v1/boards/beamtherapeutics/jobs?content=true,beamtherapeutics
https://job-boards.greenhouse.io/beamtherapeutics/jobs/8815327002,Beam Therapeutics,2026-09-20T02:02:16.348112+00:00,Beam Therapeutics public job advertisement retrieved using the unauthenticated Greenhouse Job Board GET API. Access documentation: https://docs.greenhouse.io/job-board.html; platform legal notices: https://www.greenhouse.com/legal. No open redistribution license identified in the API response. Employer retains rights in posting text. Retained for this private coursework corpus; no public dataset publication or redistribution license claimed.,1,https://boards-api.greenhouse.io/v1/boards/beamtherapeutics/jobs?content=true,beamtherapeutics
https://job-boards.greenhouse.io/beamtherapeutics/jobs/8817599002,Beam Therapeutics,2026-09-20T02:02:16.348112+00:00,Beam Therapeutics public job advertisement retrieved using the unauthenticated Greenhouse Job Board GET API. Access documentation: https://docs.greenhouse.io/job-board.html; platform legal notices: https://www.greenhouse.com/legal. No open redistribution license identified in the API response. Employer retains rights in posting text. Retained for this private coursework corpus; no public dataset publication or redistribution license claimed.,1,https://boards-api.greenhouse.io/v1/boards/beamtherapeutics/jobs?content=true,beamtherapeutics
https://job-boards.greenhouse.io/beamtherapeutics/jobs/8817994002,Beam Therapeutics,2026-09-20T02:02:16.348112+00:00,Beam Therapeutics public job advertisement retrieved using the unauthenticated Greenhouse Job Board GET API. Access documentation: https://docs.greenhouse.io/job-board.html; platform legal notices: https://www.greenhouse.com/legal. No open redistribution license identified in the API response. Employer retains rights in posting text. Retained for this private coursework corpus; no public dataset publication or redistribution license claimed.,1,https://boards-api.greenhouse.io/v1/boards/beamtherapeutics/jobs?content=true,beamtherapeutics
https://job-boards.greenhouse.io/beamtherapeutics/jobs/8821602002,Beam Therapeutics,2026-09-20T02:02:16.348112+00:00,Beam Therapeutics public job advertisement retrieved using the unauthenticated Greenhouse Job Board GET API. Access documentation: https://docs.greenhouse.io/job-board.html; platform legal notices: https://www.greenhouse.com/legal. No open redistribution license identified in the API response. Employer retains rights in posting text. Retained for this private coursework corpus; no public dataset publication or redistribution license claimed.,1,https://boards-api.greenhouse.io/v1/boards/beamtherapeutics/jobs?content=true,beamtherapeutics
https://job-boards.greenhouse.io/recursionpharmaceuticals/jobs/7961602,Recursion,2026-09-20T02:02:12.997978+00:00,Recursion public job advertisement retrieved using the unauthenticated Greenhouse Job Board GET API. Access documentation: https://docs.greenhouse.io/job-board.html; platform legal notices: https://www.greenhouse.com/legal. No open redistribution license identified in the API response. Employer retains rights in posting text. Retained for this private coursework corpus; no public dataset publication or redistribution license claimed.,1,https://boards-api.greenhouse.io/v1/boards/recursionpharmaceuticals/jobs?content=true,recursionpharmaceuticals
https://job-boards.greenhouse.io/recursionpharmaceuticals/jobs/8049037,Recursion,2026-09-20T02:02:12.997978+00:00,Recursion public job advertisement retrieved using the unauthenticated Greenhouse Job Board GET API. Access documentation: https://docs.greenhouse.io/job-board.html; platform legal notices: https://www.greenhouse.com/legal. No open redistribution license identified in the API response. Employer retains rights in posting text. Retained for this private coursework corpus; no public dataset publication or redistribution license claimed.,1,https://boards-api.greenhouse.io/v1/boards/recursionpharmaceuticals/jobs?content=true,recursionpharmaceuticals
https://job-boards.greenhouse.io/recursionpharmaceuticals/jobs/8054131,Recursion,2026-09-20T02:02:12.997978+00:00,Recursion public job advertisement retrieved using the unauthenticated Greenhouse Job Board GET API. Access documentation: https://docs.greenhouse.io/job-board.html; platform legal notices: https://www.greenhouse.com/legal. No open redistribution license identified in the API response. Employer retains rights in posting text. Retained for this private coursework corpus; no public dataset publication or redistribution license claimed.,1,https://boards-api.greenhouse.io/v1/boards/recursionpharmaceuticals/jobs?content=true,recursionpharmaceuticals
https://job-boards.greenhouse.io/recursionpharmaceuticals/jobs/8054379,Recursion,2026-09-20T02:02:12.997978+00:00,Recursion public job advertisement retrieved using the unauthenticated Greenhouse Job Board GET API. Access documentation: https://docs.greenhouse.io/job-board.html; platform legal notices: https://www.greenhouse.com/legal. No open redistribution license identified in the API response. Employer retains rights in posting text. Retained for this private coursework corpus; no public dataset publication or redistribution license claimed.,1,https://boards-api.greenhouse.io/v1/boards/recursionpharmaceuticals/jobs?content=true,recursionpharmaceuticals
https://job-boards.greenhouse.io/recursionpharmaceuticals/jobs/8069513,Recursion,2026-09-20T02:02:12.997978+00:00,Recursion public job advertisement retrieved using the unauthenticated Greenhouse Job Board GET API. Access documentation: https://docs.greenhouse.io/job-board.html; platform legal notices: https://www.greenhouse.com/legal. No open redistribution license identified in the API response. Employer retains rights in posting text. Retained for this private coursework corpus; no public dataset publication or redistribution license claimed.,1,https://boards-api.greenhouse.io/v1/boards/recursionpharmaceuticals/jobs?content=true,recursionpharmaceuticals
https://job-boards.greenhouse.io/recursionpharmaceuticals/jobs/8156704,Recursion,2026-09-20T02:02:12.997978+00:00,Recursion public job advertisement retrieved using the unauthenticated Greenhouse Job Board GET API. Access documentation: https://docs.greenhouse.io/job-board.html; platform legal notices: https://www.greenhouse.com/legal. No open redistribution license identified in the API response. Employer retains rights in posting text. Retained for this private coursework corpus; no public dataset publication or redistribution license claimed.,1,https://boards-api.greenhouse.io/v1/boards/recursionpharmaceuticals/jobs?content=true,recursionpharmaceuticals
https://job-boards.greenhouse.io/recursionpharmaceuticals/jobs/8157465,Recursion,2026-09-20T02:02:12.997978+00:00,Recursion public job advertisement retrieved using the unauthenticated Greenhouse Job Board GET API. Access documentation: https://docs.greenhouse.io/job-board.html; platform legal notices: https://www.greenhouse.com/legal. No open redistribution license identified in the API response. Employer retains rights in posting text. Retained for this private coursework corpus; no public dataset publication or redistribution license claimed.,1,https://boards-api.greenhouse.io/v1/boards/recursionpharmaceuticals/jobs?content=true,recursionpharmaceuticals
https://job-boards.greenhouse.io/recursionpharmaceuticals/jobs/8188707,Recursion,2026-09-20T02:02:12.997978+00:00,Recursion public job advertisement retrieved using the unauthenticated Greenhouse Job Board GET API. Access documentation: https://docs.greenhouse.io/job-board.html; platform legal notices: https://www.greenhouse.com/legal. No open redistribution license identified in the API response. Employer retains rights in posting text. Retained for this private coursework corpus; no public dataset publication or redistribution license claimed.,1,https://boards-api.greenhouse.io/v1/boards/recursionpharmaceuticals/jobs?content=true,recursionpharmaceuticals
https://job-boards.greenhouse.io/recursionpharmaceuticals/jobs/8205317,Recursion,2026-09-20T02:02:12.997978+00:00,Recursion public job advertisement retrieved using the unauthenticated Greenhouse Job Board GET API. Access documentation: https://docs.greenhouse.io/job-board.html; platform legal notices: https://www.greenhouse.com/legal. No open redistribution license identified in the API response. Employer retains rights in posting text. Retained for this private coursework corpus; no public dataset publication or redistribution license claimed.,1,https://boards-api.greenhouse.io/v1/boards/recursionpharmaceuticals/jobs?content=true,recursionpharmaceuticals
https://job-boards.greenhouse.io/recursionpharmaceuticals/jobs/8214932,Recursion,2026-09-20T02:02:12.997978+00:00,Recursion public job advertisement retrieved using the unauthenticated Greenhouse Job Board GET API. Access documentation: https://docs.greenhouse.io/job-board.html; platform legal notices: https://www.greenhouse.com/legal. No open redistribution license identified in the API response. Employer retains rights in posting text. Retained for this private coursework corpus; no public dataset publication or redistribution license claimed.,1,https://boards-api.greenhouse.io/v1/boards/recursionpharmaceuticals/jobs?content=true,recursionpharmaceuticals
https://job-boards.greenhouse.io/relaytherapeutics/jobs/5985754004,Relay Therapeutics,2026-09-20T02:02:51.710060+00:00,Relay Therapeutics public job advertisement retrieved using the unauthenticated Greenhouse Job Board GET API. Access documentation: https://docs.greenhouse.io/job-board.html; platform legal notices: https://www.greenhouse.com/legal. No open redistribution license identified in the API response. Employer retains rights in posting text. Retained for this private coursework corpus; no public dataset publication or redistribution license claimed.,1,https://boards-api.greenhouse.io/v1/boards/relaytherapeutics/jobs?content=true,relaytherapeutics
https://job-boards.greenhouse.io/relaytherapeutics/jobs/6099031004,Relay Therapeutics,2026-09-20T02:02:51.710060+00:00,Relay Therapeutics public job advertisement retrieved using the unauthenticated Greenhouse Job Board GET API. Access documentation: https://docs.greenhouse.io/job-board.html; platform legal notices: https://www.greenhouse.com/legal. No open redistribution license identified in the API response. Employer retains rights in posting text. Retained for this private coursework corpus; no public dataset publication or redistribution license claimed.,1,https://boards-api.greenhouse.io/v1/boards/relaytherapeutics/jobs?content=true,relaytherapeutics
https://job-boards.greenhouse.io/relaytherapeutics/jobs/6119086004,Relay Therapeutics,2026-09-20T02:02:51.710060+00:00,Relay Therapeutics public job advertisement retrieved using the unauthenticated Greenhouse Job Board GET API. Access documentation: https://docs.greenhouse.io/job-board.html; platform legal notices: https://www.greenhouse.com/legal. No open redistribution license identified in the API response. Employer retains rights in posting text. Retained for this private coursework corpus; no public dataset publication or redistribution license claimed.,1,https://boards-api.greenhouse.io/v1/boards/relaytherapeutics/jobs?content=true,relaytherapeutics
https://job-boards.greenhouse.io/relaytherapeutics/jobs/6119088004,Relay Therapeutics,2026-09-20T02:02:51.710060+00:00,Relay Therapeutics public job advertisement retrieved using the unauthenticated Greenhouse Job Board GET API. Access documentation: https://docs.greenhouse.io/job-board.html; platform legal notices: https://www.greenhouse.com/legal. No open redistribution license identified in the API response. Employer retains rights in posting text. Retained for this private coursework corpus; no public dataset publication or redistribution license claimed.,1,https://boards-api.greenhouse.io/v1/boards/relaytherapeutics/jobs?content=true,relaytherapeutics
https://job-boards.greenhouse.io/relaytherapeutics/jobs/6119089004,Relay Therapeutics,2026-09-20T02:02:51.710060+00:00,Relay Therapeutics public job advertisement retrieved using the unauthenticated Greenhouse Job Board GET API. Access documentation: https://docs.greenhouse.io/job-board.html; platform legal notices: https://www.greenhouse.com/legal. No open redistribution license identified in the API response. Employer retains rights in posting text. Retained for this private coursework corpus; no public dataset publication or redistribution license claimed.,1,https://boards-api.greenhouse.io/v1/boards/relaytherapeutics/jobs?content=true,relaytherapeutics
https://job-boards.greenhouse.io/relaytherapeutics/jobs/6123386004,Relay Therapeutics,2026-09-20T02:02:51.710060+00:00,Relay Therapeutics public job advertisement retrieved using the unauthenticated Greenhouse Job Board GET API. Access documentation: https://docs.greenhouse.io/job-board.html; platform legal notices: https://www.greenhouse.com/legal. No open redistribution license identified in the API response. Employer retains rights in posting text. Retained for this private coursework corpus; no public dataset publication or redistribution license claimed.,1,https://boards-api.greenhouse.io/v1/boards/relaytherapeutics/jobs?content=true,relaytherapeutics
https://job-boards.greenhouse.io/relaytherapeutics/jobs/6129110004,Relay Therapeutics,2026-09-20T02:02:51.710060+00:00,Relay Therapeutics public job advertisement retrieved using the unauthenticated Greenhouse Job Board GET API. Access documentation: https://docs.greenhouse.io/job-board.html; platform legal notices: https://www.greenhouse.com/legal. No open redistribution license identified in the API response. Employer retains rights in posting text. Retained for this private coursework corpus; no public dataset publication or redistribution license claimed.,1,https://boards-api.greenhouse.io/v1/boards/relaytherapeutics/jobs?content=true,relaytherapeutics
https://job-boards.greenhouse.io/relaytherapeutics/jobs/6129122004,Relay Therapeutics,2026-09-20T02:02:51.710060+00:00,Relay Therapeutics public job advertisement retrieved using the unauthenticated Greenhouse Job Board GET API. Access documentation: https://docs.greenhouse.io/job-board.html; platform legal notices: https://www.greenhouse.com/legal. No open redistribution license identified in the API response. Employer retains rights in posting text. Retained for this private coursework corpus; no public dataset publication or redistribution license claimed.,1,https://boards-api.greenhouse.io/v1/boards/relaytherapeutics/jobs?content=true,relaytherapeutics
https://job-boards.greenhouse.io/relaytherapeutics/jobs/6133598004,Relay Therapeutics,2026-09-20T02:02:51.710060+00:00,Relay Therapeutics public job advertisement retrieved using the unauthenticated Greenhouse Job Board GET API. Access documentation: https://docs.greenhouse.io/job-board.html; platform legal notices: https://www.greenhouse.com/legal. No open redistribution license identified in the API response. Employer retains rights in posting text. Retained for this private coursework corpus; no public dataset publication or redistribution license claimed.,1,https://boards-api.greenhouse.io/v1/boards/relaytherapeutics/jobs?content=true,relaytherapeutics
https://job-boards.greenhouse.io/relaytherapeutics/jobs/6150448004,Relay Therapeutics,2026-09-20T02:02:51.710060+00:00,Relay Therapeutics public job advertisement retrieved using the unauthenticated Greenhouse Job Board GET API. Access documentation: https://docs.greenhouse.io/job-board.html; platform legal notices: https://www.greenhouse.com/legal. No open redistribution license identified in the API response. Employer retains rights in posting text. Retained for this private coursework corpus; no public dataset publication or redistribution license claimed.,1,https://boards-api.greenhouse.io/v1/boards/relaytherapeutics/jobs?content=true,relaytherapeutics
https://job-boards.greenhouse.io/relaytherapeutics/jobs/6161286004,Relay Therapeutics,2026-09-20T02:02:51.710060+00:00,Relay Therapeutics public job advertisement retrieved using the unauthenticated Greenhouse Job Board GET API. Access documentation: https://docs.greenhouse.io/job-board.html; platform legal notices: https://www.greenhouse.com/legal. No open redistribution license identified in the API response. Employer retains rights in posting text. Retained for this private coursework corpus; no public dataset publication or redistribution license claimed.,1,https://boards-api.greenhouse.io/v1/boards/relaytherapeutics/jobs?content=true,relaytherapeutics
https://job-boards.greenhouse.io/tesseratherapeutics/jobs/5151655007,Tessera Therapeutics,2026-09-20T02:02:58.309411+00:00,Tessera Therapeutics public job advertisement retrieved using the unauthenticated Greenhouse Job Board GET API. Access documentation: https://docs.greenhouse.io/job-board.html; platform legal notices: https://www.greenhouse.com/legal. No open redistribution license identified in the API response. Employer retains rights in posting text. Retained for this private coursework corpus; no public dataset publication or redistribution license claimed.,1,https://boards-api.greenhouse.io/v1/boards/tesseratherapeutics/jobs?content=true,tesseratherapeutics
https://job-boards.greenhouse.io/tesseratherapeutics/jobs/5170380007,Tessera Therapeutics,2026-09-20T02:02:58.309411+00:00,Tessera Therapeutics public job advertisement retrieved using the unauthenticated Greenhouse Job Board GET API. Access documentation: https://docs.greenhouse.io/job-board.html; platform legal notices: https://www.greenhouse.com/legal. No open redistribution license identified in the API response. Employer retains rights in posting text. Retained for this private coursework corpus; no public dataset publication or redistribution license claimed.,1,https://boards-api.greenhouse.io/v1/boards/tesseratherapeutics/jobs?content=true,tesseratherapeutics
https://job-boards.greenhouse.io/tesseratherapeutics/jobs/5194541007,Tessera Therapeutics,2026-09-20T02:02:58.309411+00:00,Tessera Therapeutics public job advertisement retrieved using the unauthenticated Greenhouse Job Board GET API. Access documentation: https://docs.greenhouse.io/job-board.html; platform legal notices: https://www.greenhouse.com/legal. No open redistribution license identified in the API response. Employer retains rights in posting text. Retained for this private coursework corpus; no public dataset publication or redistribution license claimed.,1,https://boards-api.greenhouse.io/v1/boards/tesseratherapeutics/jobs?content=true,tesseratherapeutics
https://job-boards.greenhouse.io/tesseratherapeutics/jobs/5194773007,Tessera Therapeutics,2026-09-20T02:02:58.309411+00:00,Tessera Therapeutics public job advertisement retrieved using the unauthenticated Greenhouse Job Board GET API. Access documentation: https://docs.greenhouse.io/job-board.html; platform legal notices: https://www.greenhouse.com/legal. No open redistribution license identified in the API response. Employer retains rights in posting text. Retained for this private coursework corpus; no public dataset publication or redistribution license claimed.,1,https://boards-api.greenhouse.io/v1/boards/tesseratherapeutics/jobs?content=true,tesseratherapeutics
https://job-boards.greenhouse.io/tesseratherapeutics/jobs/5240104007,Tessera Therapeutics,2026-09-20T02:02:58.309411+00:00,Tessera Therapeutics public job advertisement retrieved using the unauthenticated Greenhouse Job Board GET API. Access documentation: https://docs.greenhouse.io/job-board.html; platform legal notices: https://www.greenhouse.com/legal. No open redistribution license identified in the API response. Employer retains rights in posting text. Retained for this private coursework corpus; no public dataset publication or redistribution license claimed.,1,https://boards-api.greenhouse.io/v1/boards/tesseratherapeutics/jobs?content=true,tesseratherapeutics
https://job-boards.greenhouse.io/tesseratherapeutics/jobs/5240120007,Tessera Therapeutics,2026-09-20T02:02:58.309411+00:00,Tessera Therapeutics public job advertisement retrieved using the unauthenticated Greenhouse Job Board GET API. Access documentation: https://docs.greenhouse.io/job-board.html; platform legal notices: https://www.greenhouse.com/legal. No open redistribution license identified in the API response. Employer retains rights in posting text. Retained for this private coursework corpus; no public dataset publication or redistribution license claimed.,1,https://boards-api.greenhouse.io/v1/boards/tesseratherapeutics/jobs?content=true,tesseratherapeutics
https://job-boards.greenhouse.io/ultragenyxpharmaceutical/jobs/4714053005?gh_jid=4714053005,Ultragenyx Pharmaceutical,2026-09-20T02:02:16.379094+00:00,Ultragenyx Pharmaceutical public job advertisement retrieved using the unauthenticated Greenhouse Job Board GET API. Access documentation: https://docs.greenhouse.io/job-board.html; platform legal notices: https://www.greenhouse.com/legal. No open redistribution license identified in the API response. Employer retains rights in posting text. Retained for this private coursework corpus; no public dataset publication or redistribution license claimed.,1,https://boards-api.greenhouse.io/v1/boards/ultragenyxpharmaceutical/jobs?content=true,ultragenyxpharmaceutical
https://job-boards.greenhouse.io/ultragenyxpharmaceutical/jobs/4718890005?gh_jid=4718890005,Ultragenyx Pharmaceutical,2026-09-20T02:02:16.379094+00:00,Ultragenyx Pharmaceutical public job advertisement retrieved using the unauthenticated Greenhouse Job Board GET API. Access documentation: https://docs.greenhouse.io/job-board.html; platform legal notices: https://www.greenhouse.com/legal. No open redistribution license identified in the API response. Employer retains rights in posting text. Retained for this private coursework corpus; no public dataset publication or redistribution license claimed.,1,https://boards-api.greenhouse.io/v1/boards/ultragenyxpharmaceutical/jobs?content=true,ultragenyxpharmaceutical
https://job-boards.greenhouse.io/ultragenyxpharmaceutical/jobs/4732383005?gh_jid=4732383005,Ultragenyx Pharmaceutical,2026-09-20T02:02:16.379094+00:00,Ultragenyx Pharmaceutical public job advertisement retrieved using the unauthenticated Greenhouse Job Board GET API. Access documentation: https://docs.greenhouse.io/job-board.html; platform legal notices: https://www.greenhouse.com/legal. No open redistribution license identified in the API response. Employer retains rights in posting text. Retained for this private coursework corpus; no public dataset publication or redistribution license claimed.,1,https://boards-api.greenhouse.io/v1/boards/ultragenyxpharmaceutical/jobs?content=true,ultragenyxpharmaceutical
https://www.kymeratx.com/careers-culture/working-at-kymera/?gh_jid=7586370003#open-positions,Kymera Therapeutics,2026-09-20T02:02:51.703156+00:00,Kymera Therapeutics public job advertisement retrieved using the unauthenticated Greenhouse Job Board GET API. Access documentation: https://docs.greenhouse.io/job-board.html; platform legal notices: https://www.greenhouse.com/legal. No open redistribution license identified in the API response. Employer retains rights in posting text. Retained for this private coursework corpus; no public dataset publication or redistribution license claimed.,1,https://boards-api.greenhouse.io/v1/boards/kymeratherapeutics/jobs?content=true,kymeratherapeutics
https://www.kymeratx.com/careers-culture/working-at-kymera/?gh_jid=7726507003#open-positions,Kymera Therapeutics,2026-09-20T02:02:51.703156+00:00,Kymera Therapeutics public job advertisement retrieved using the unauthenticated Greenhouse Job Board GET API. Access documentation: https://docs.greenhouse.io/job-board.html; platform legal notices: https://www.greenhouse.com/legal. No open redistribution license identified in the API response. Employer retains rights in posting text. Retained for this private coursework corpus; no public dataset publication or redistribution license claimed.,1,https://boards-api.greenhouse.io/v1/boards/kymeratherapeutics/jobs?content=true,kymeratherapeutics
https://www.kymeratx.com/careers-culture/working-at-kymera/?gh_jid=7733671003#open-positions,Kymera Therapeutics,2026-09-20T02:02:51.703156+00:00,Kymera Therapeutics public job advertisement retrieved using the unauthenticated Greenhouse Job Board GET API. Access documentation: https://docs.greenhouse.io/job-board.html; platform legal notices: https://www.greenhouse.com/legal. No open redistribution license identified in the API response. Employer retains rights in posting text. Retained for this private coursework corpus; no public dataset publication or redistribution license claimed.,1,https://boards-api.greenhouse.io/v1/boards/kymeratherapeutics/jobs?content=true,kymeratherapeutics
https://www.kymeratx.com/careers-culture/working-at-kymera/?gh_jid=7748334003#open-positions,Kymera Therapeutics,2026-09-20T02:02:51.703156+00:00,Kymera Therapeutics public job advertisement retrieved using the unauthenticated Greenhouse Job Board GET API. Access documentation: https://docs.greenhouse.io/job-board.html; platform legal notices: https://www.greenhouse.com/legal. No open redistribution license identified in the API response. Employer retains rights in posting text. Retained for this private coursework corpus; no public dataset publication or redistribution license claimed.,1,https://boards-api.greenhouse.io/v1/boards/kymeratherapeutics/jobs?content=true,kymeratherapeutics
https://www.kymeratx.com/careers-culture/working-at-kymera/?gh_jid=7748991003#open-positions,Kymera Therapeutics,2026-09-20T02:02:51.703156+00:00,Kymera Therapeutics public job advertisement retrieved using the unauthenticated Greenhouse Job Board GET API. Access documentation: https://docs.greenhouse.io/job-board.html; platform legal notices: https://www.greenhouse.com/legal. No open redistribution license identified in the API response. Employer retains rights in posting text. Retained for this private coursework corpus; no public dataset publication or redistribution license claimed.,1,https://boards-api.greenhouse.io/v1/boards/kymeratherapeutics/jobs?content=true,kymeratherapeutics
https://www.kymeratx.com/careers-culture/working-at-kymera/?gh_jid=7785608003#open-positions,Kymera Therapeutics,2026-09-20T02:02:51.703156+00:00,Kymera Therapeutics public job advertisement retrieved using the unauthenticated Greenhouse Job Board GET API. Access documentation: https://docs.greenhouse.io/job-board.html; platform legal notices: https://www.greenhouse.com/legal. No open redistribution license identified in the API response. Employer retains rights in posting text. Retained for this private coursework corpus; no public dataset publication or redistribution license claimed.,1,https://boards-api.greenhouse.io/v1/boards/kymeratherapeutics/jobs?content=true,kymeratherapeutics
https://www.kymeratx.com/careers-culture/working-at-kymera/?gh_jid=7785662003#open-positions,Kymera Therapeutics,2026-09-20T02:02:51.703156+00:00,Kymera Therapeutics public job advertisement retrieved using the unauthenticated Greenhouse Job Board GET API. Access documentation: https://docs.greenhouse.io/job-board.html; platform legal notices: https://www.greenhouse.com/legal. No open redistribution license identified in the API response. Employer retains rights in posting text. Retained for this private coursework corpus; no public dataset publication or redistribution license claimed.,1,https://boards-api.greenhouse.io/v1/boards/kymeratherapeutics/jobs?content=true,kymeratherapeutics
https://www.kymeratx.com/careers-culture/working-at-kymera/?gh_jid=7797959003#open-positions,Kymera Therapeutics,2026-09-20T02:02:51.703156+00:00,Kymera Therapeutics public job advertisement retrieved using the unauthenticated Greenhouse Job Board GET API. Access documentation: https://docs.greenhouse.io/job-board.html; platform legal notices: https://www.greenhouse.com/legal. No open redistribution license identified in the API response. Employer retains rights in posting text. Retained for this private coursework corpus; no public dataset publication or redistribution license claimed.,1,https://boards-api.greenhouse.io/v1/boards/kymeratherapeutics/jobs?content=true,kymeratherapeutics
https://www.kymeratx.com/careers-culture/working-at-kymera/?gh_jid=7812190003#open-positions,Kymera Therapeutics,2026-09-20T02:02:51.703156+00:00,Kymera Therapeutics public job advertisement retrieved using the unauthenticated Greenhouse Job Board GET API. Access documentation: https://docs.greenhouse.io/job-board.html; platform legal notices: https://www.greenhouse.com/legal. No open redistribution license identified in the API response. Employer retains rights in posting text. Retained for this private coursework corpus; no public dataset publication or redistribution license claimed.,1,https://boards-api.greenhouse.io/v1/boards/kymeratherapeutics/jobs?content=true,kymeratherapeutics
https://www.kymeratx.com/careers-culture/working-at-kymera/?gh_jid=7815935003#open-positions,Kymera Therapeutics,2026-09-20T02:02:51.703156+00:00,Kymera Therapeutics public job advertisement retrieved using the unauthenticated Greenhouse Job Board GET API. Access documentation: https://docs.greenhouse.io/job-board.html; platform legal notices: https://www.greenhouse.com/legal. No open redistribution license identified in the API response. Employer retains rights in posting text. Retained for this private coursework corpus; no public dataset publication or redistribution license claimed.,1,https://boards-api.greenhouse.io/v1/boards/kymeratherapeutics/jobs?content=true,kymeratherapeutics
https://www.kymeratx.com/careers-culture/working-at-kymera/?gh_jid=7820769003#open-positions,Kymera Therapeutics,2026-09-20T02:02:51.703156+00:00,Kymera Therapeutics public job advertisement retrieved using the unauthenticated Greenhouse Job Board GET API. Access documentation: https://docs.greenhouse.io/job-board.html; platform legal notices: https://www.greenhouse.com/legal. No open redistribution license identified in the API response. Employer retains rights in posting text. Retained for this private coursework corpus; no public dataset publication or redistribution license claimed.,1,https://boards-api.greenhouse.io/v1/boards/kymeratherapeutics/jobs?content=true,kymeratherapeutics
https://www.kymeratx.com/careers-culture/working-at-kymera/?gh_jid=7826361003#open-positions,Kymera Therapeutics,2026-09-20T02:02:51.703156+00:00,Kymera Therapeutics public job advertisement retrieved using the unauthenticated Greenhouse Job Board GET API. Access documentation: https://docs.greenhouse.io/job-board.html; platform legal notices: https://www.greenhouse.com/legal. No open redistribution license identified in the API response. Employer retains rights in posting text. Retained for this private coursework corpus; no public dataset publication or redistribution license claimed.,1,https://boards-api.greenhouse.io/v1/boards/kymeratherapeutics/jobs?content=true,kymeratherapeutics
https://www.kymeratx.com/careers-culture/working-at-kymera/?gh_jid=7849649003#open-positions,Kymera Therapeutics,2026-09-20T02:02:51.703156+00:00,Kymera Therapeutics public job advertisement retrieved using the unauthenticated Greenhouse Job Board GET API. Access documentation: https://docs.greenhouse.io/job-board.html; platform legal notices: https://www.greenhouse.com/legal. No open redistribution license identified in the API response. Employer retains rights in posting text. Retained for this private coursework corpus; no public dataset publication or redistribution license claimed.,1,https://boards-api.greenhouse.io/v1/boards/kymeratherapeutics/jobs?content=true,kymeratherapeutics
https://www.kymeratx.com/careers-culture/working-at-kymera/?gh_jid=7854105003#open-positions,Kymera Therapeutics,2026-09-20T02:02:51.703156+00:00,Kymera Therapeutics public job advertisement retrieved using the unauthenticated Greenhouse Job Board GET API. Access documentation: https://docs.greenhouse.io/job-board.html; platform legal notices: https://www.greenhouse.com/legal. No open redistribution license identified in the API response. Employer retains rights in posting text. Retained for this private coursework corpus; no public dataset publication or redistribution license claimed.,1,https://boards-api.greenhouse.io/v1/boards/kymeratherapeutics/jobs?content=true,kymeratherapeutics
https://www.kymeratx.com/careers-culture/working-at-kymera/?gh_jid=7864663003#open-positions,Kymera Therapeutics,2026-09-20T02:02:51.703156+00:00,Kymera Therapeutics public job advertisement retrieved using the unauthenticated Greenhouse Job Board GET API. Access documentation: https://docs.greenhouse.io/job-board.html; platform legal notices: https://www.greenhouse.com/legal. No open redistribution license identified in the API response. Employer retains rights in posting text. Retained for this private coursework corpus; no public dataset publication or redistribution license claimed.,1,https://boards-api.greenhouse.io/v1/boards/kymeratherapeutics/jobs?content=true,kymeratherapeutics
https://www.kymeratx.com/careers-culture/working-at-kymera/?gh_jid=7871963003#open-positions,Kymera Therapeutics,2026-09-20T02:02:51.703156+00:00,Kymera Therapeutics public job advertisement retrieved using the unauthenticated Greenhouse Job Board GET API. Access documentation: https://docs.greenhouse.io/job-board.html; platform legal notices: https://www.greenhouse.com/legal. No open redistribution license identified in the API response. Employer retains rights in posting text. Retained for this private coursework corpus; no public dataset publication or redistribution license claimed.,1,https://boards-api.greenhouse.io/v1/boards/kymeratherapeutics/jobs?content=true,kymeratherapeutics
https://www.kymeratx.com/careers-culture/working-at-kymera/?gh_jid=7871978003#open-positions,Kymera Therapeutics,2026-09-20T02:02:51.703156+00:00,Kymera Therapeutics public job advertisement retrieved using the unauthenticated Greenhouse Job Board GET API. Access documentation: https://docs.greenhouse.io/job-board.html; platform legal notices: https://www.greenhouse.com/legal. No open redistribution license identified in the API response. Employer retains rights in posting text. Retained for this private coursework corpus; no public dataset publication or redistribution license claimed.,1,https://boards-api.greenhouse.io/v1/boards/kymeratherapeutics/jobs?content=true,kymeratherapeutics
https://www.kymeratx.com/careers-culture/working-at-kymera/?gh_jid=7894000003#open-positions,Kymera Therapeutics,2026-09-20T02:02:51.703156+00:00,Kymera Therapeutics public job advertisement retrieved using the unauthenticated Greenhouse Job Board GET API. Access documentation: https://docs.greenhouse.io/job-board.html; platform legal notices: https://www.greenhouse.com/legal. No open redistribution license identified in the API response. Employer retains rights in posting text. Retained for this private coursework corpus; no public dataset publication or redistribution license claimed.,1,https://boards-api.greenhouse.io/v1/boards/kymeratherapeutics/jobs?content=true,kymeratherapeutics
https://www.kymeratx.com/careers-culture/working-at-kymera/?gh_jid=7905250003#open-positions,Kymera Therapeutics,2026-09-20T02:02:51.703156+00:00,Kymera Therapeutics public job advertisement retrieved using the unauthenticated Greenhouse Job Board GET API. Access documentation: https://docs.greenhouse.io/job-board.html; platform legal notices: https://www.greenhouse.com/legal. No open redistribution license identified in the API response. Employer retains rights in posting text. Retained for this private coursework corpus; no public dataset publication or redistribution license claimed.,1,https://boards-api.greenhouse.io/v1/boards/kymeratherapeutics/jobs?content=true,kymeratherapeutics
https://www.kymeratx.com/careers-culture/working-at-kymera/?gh_jid=7905314003#open-positions,Kymera Therapeutics,2026-09-20T02:02:51.703156+00:00,Kymera Therapeutics public job advertisement retrieved using the unauthenticated Greenhouse Job Board GET API. Access documentation: https://docs.greenhouse.io/job-board.html; platform legal notices: https://www.greenhouse.com/legal. No open redistribution license identified in the API response. Employer retains rights in posting text. Retained for this private coursework corpus; no public dataset publication or redistribution license claimed.,1,https://boards-api.greenhouse.io/v1/boards/kymeratherapeutics/jobs?content=true,kymeratherapeutics
https://www.kymeratx.com/careers-culture/working-at-kymera/?gh_jid=7926960003#open-positions,Kymera Therapeutics,2026-09-20T02:02:51.703156+00:00,Kymera Therapeutics public job advertisement retrieved using the unauthenticated Greenhouse Job Board GET API. Access documentation: https://docs.greenhouse.io/job-board.html; platform legal notices: https://www.greenhouse.com/legal. No open redistribution license identified in the API response. Employer retains rights in posting text. Retained for this private coursework corpus; no public dataset publication or redistribution license claimed.,1,https://boards-api.greenhouse.io/v1/boards/kymeratherapeutics/jobs?content=true,kymeratherapeutics
https://www.kymeratx.com/careers-culture/working-at-kymera/?gh_jid=7931045003#open-positions,Kymera Therapeutics,2026-09-20T02:02:51.703156+00:00,Kymera Therapeutics public job advertisement retrieved using the unauthenticated Greenhouse Job Board GET API. Access documentation: https://docs.greenhouse.io/job-board.html; platform legal notices: https://www.greenhouse.com/legal. No open redistribution license identified in the API response. Employer retains rights in posting text. Retained for this private coursework corpus; no public dataset publication or redistribution license claimed.,1,https://boards-api.greenhouse.io/v1/boards/kymeratherapeutics/jobs?content=true,kymeratherapeutics
https://www.kymeratx.com/careers-culture/working-at-kymera/?gh_jid=7965329003#open-positions,Kymera Therapeutics,2026-09-20T02:02:51.703156+00:00,Kymera Therapeutics public job advertisement retrieved using the unauthenticated Greenhouse Job Board GET API. Access documentation: https://docs.greenhouse.io/job-board.html; platform legal notices: https://www.greenhouse.com/legal. No open redistribution license identified in the API response. Employer retains rights in posting text. Retained for this private coursework corpus; no public dataset publication or redistribution license claimed.,1,https://boards-api.greenhouse.io/v1/boards/kymeratherapeutics/jobs?content=true,kymeratherapeutics
https://www.kymeratx.com/careers-culture/working-at-kymera/?gh_jid=7978154003#open-positions,Kymera Therapeutics,2026-09-20T02:02:51.703156+00:00,Kymera Therapeutics public job advertisement retrieved using the unauthenticated Greenhouse Job Board GET API. Access documentation: https://docs.greenhouse.io/job-board.html; platform legal notices: https://www.greenhouse.com/legal. No open redistribution license identified in the API response. Employer retains rights in posting text. Retained for this private coursework corpus; no public dataset publication or redistribution license claimed.,1,https://boards-api.greenhouse.io/v1/boards/kymeratherapeutics/jobs?content=true,kymeratherapeutics
https://www.kymeratx.com/careers-culture/working-at-kymera/?gh_jid=7979935003#open-positions,Kymera Therapeutics,2026-09-20T02:02:51.703156+00:00,Kymera Therapeutics public job advertisement retrieved using the unauthenticated Greenhouse Job Board GET API. Access documentation: https://docs.greenhouse.io/job-board.html; platform legal notices: https://www.greenhouse.com/legal. No open redistribution license identified in the API response. Employer retains rights in posting text. Retained for this private coursework corpus; no public dataset publication or redistribution license claimed.,1,https://boards-api.greenhouse.io/v1/boards/kymeratherapeutics/jobs?content=true,kymeratherapeutics
https://www.kymeratx.com/careers-culture/working-at-kymera/?gh_jid=7983253003#open-positions,Kymera Therapeutics,2026-09-20T02:02:51.703156+00:00,Kymera Therapeutics public job advertisement retrieved using the unauthenticated Greenhouse Job Board GET API. Access documentation: https://docs.greenhouse.io/job-board.html; platform legal notices: https://www.greenhouse.com/legal. No open redistribution license identified in the API response. Employer retains rights in posting text. Retained for this private coursework corpus; no public dataset publication or redistribution license claimed.,1,https://boards-api.greenhouse.io/v1/boards/kymeratherapeutics/jobs?content=true,kymeratherapeutics
https://www.kymeratx.com/careers-culture/working-at-kymera/?gh_jid=7989192003#open-positions,Kymera Therapeutics,2026-09-20T02:02:51.703156+00:00,Kymera Therapeutics public job advertisement retrieved using the unauthenticated Greenhouse Job Board GET API. Access documentation: https://docs.greenhouse.io/job-board.html; platform legal notices: https://www.greenhouse.com/legal. No open redistribution license identified in the API response. Employer retains rights in posting text. Retained for this private coursework corpus; no public dataset publication or redistribution license claimed.,1,https://boards-api.greenhouse.io/v1/boards/kymeratherapeutics/jobs?content=true,kymeratherapeutics
https://www.kymeratx.com/careers-culture/working-at-kymera/?gh_jid=7990099003#open-positions,Kymera Therapeutics,2026-09-20T02:02:51.703156+00:00,Kymera Therapeutics public job advertisement retrieved using the unauthenticated Greenhouse Job Board GET API. Access documentation: https://docs.greenhouse.io/job-board.html; platform legal notices: https://www.greenhouse.com/legal. No open redistribution license identified in the API response. Employer retains rights in posting text. Retained for this private coursework corpus; no public dataset publication or redistribution license claimed.,1,https://boards-api.greenhouse.io/v1/boards/kymeratherapeutics/jobs?content=true,kymeratherapeutics
https://www.kymeratx.com/careers-culture/working-at-kymera/?gh_jid=7991240003#open-positions,Kymera Therapeutics,2026-09-20T02:02:51.703156+00:00,Kymera Therapeutics public job advertisement retrieved using the unauthenticated Greenhouse Job Board GET API. Access documentation: https://docs.greenhouse.io/job-board.html; platform legal notices: https://www.greenhouse.com/legal. No open redistribution license identified in the API response. Employer retains rights in posting text. Retained for this private coursework corpus; no public dataset publication or redistribution license claimed.,1,https://boards-api.greenhouse.io/v1/boards/kymeratherapeutics/jobs?content=true,kymeratherapeutics
https://www.revmed.com/careers-list/?gh_jid=7613277003,Revolution Medicines,2026-09-20T02:02:16.457423+00:00,Revolution Medicines public job advertisement retrieved using the unauthenticated Greenhouse Job Board GET API. Access documentation: https://docs.greenhouse.io/job-board.html; platform legal notices: https://www.greenhouse.com/legal. No open redistribution license identified in the API response. Employer retains rights in posting text. Retained for this private coursework corpus; no public dataset publication or redistribution license claimed.,1,https://boards-api.greenhouse.io/v1/boards/revolutionmedicines/jobs?content=true,revolutionmedicines
https://www.revmed.com/careers-list/?gh_jid=7613773003,Revolution Medicines,2026-09-20T02:02:16.457423+00:00,Revolution Medicines public job advertisement retrieved using the unauthenticated Greenhouse Job Board GET API. Access documentation: https://docs.greenhouse.io/job-board.html; platform legal notices: https://www.greenhouse.com/legal. No open redistribution license identified in the API response. Employer retains rights in posting text. Retained for this private coursework corpus; no public dataset publication or redistribution license claimed.,1,https://boards-api.greenhouse.io/v1/boards/revolutionmedicines/jobs?content=true,revolutionmedicines
https://www.revmed.com/careers-list/?gh_jid=7648511003,Revolution Medicines,2026-09-20T02:02:16.457423+00:00,Revolution Medicines public job advertisement retrieved using the unauthenticated Greenhouse Job Board GET API. Access documentation: https://docs.greenhouse.io/job-board.html; platform legal notices: https://www.greenhouse.com/legal. No open redistribution license identified in the API response. Employer retains rights in posting text. Retained for this private coursework corpus; no public dataset publication or redistribution license claimed.,1,https://boards-api.greenhouse.io/v1/boards/revolutionmedicines/jobs?content=true,revolutionmedicines
https://www.revmed.com/careers-list/?gh_jid=7677975003,Revolution Medicines,2026-09-20T02:02:16.457423+00:00,Revolution Medicines public job advertisement retrieved using the unauthenticated Greenhouse Job Board GET API. Access documentation: https://docs.greenhouse.io/job-board.html; platform legal notices: https://www.greenhouse.com/legal. No open redistribution license identified in the API response. Employer retains rights in posting text. Retained for this private coursework corpus; no public dataset publication or redistribution license claimed.,1,https://boards-api.greenhouse.io/v1/boards/revolutionmedicines/jobs?content=true,revolutionmedicines
https://www.revmed.com/careers-list/?gh_jid=7695103003,Revolution Medicines,2026-09-20T02:02:16.457423+00:00,Revolution Medicines public job advertisement retrieved using the unauthenticated Greenhouse Job Board GET API. Access documentation: https://docs.greenhouse.io/job-board.html; platform legal notices: https://www.greenhouse.com/legal. No open redistribution license identified in the API response. Employer retains rights in posting text. Retained for this private coursework corpus; no public dataset publication or redistribution license claimed.,1,https://boards-api.greenhouse.io/v1/boards/revolutionmedicines/jobs?content=true,revolutionmedicines
https://www.revmed.com/careers-list/?gh_jid=7708726003,Revolution Medicines,2026-09-20T02:02:16.457423+00:00,Revolution Medicines public job advertisement retrieved using the unauthenticated Greenhouse Job Board GET API. Access documentation: https://docs.greenhouse.io/job-board.html; platform legal notices: https://www.greenhouse.com/legal. No open redistribution license identified in the API response. Employer retains rights in posting text. Retained for this private coursework corpus; no public dataset publication or redistribution license claimed.,1,https://boards-api.greenhouse.io/v1/boards/revolutionmedicines/jobs?content=true,revolutionmedicines
https://www.revmed.com/careers-list/?gh_jid=7720354003,Revolution Medicines,2026-09-20T02:02:16.457423+00:00,Revolution Medicines public job advertisement retrieved using the unauthenticated Greenhouse Job Board GET API. Access documentation: https://docs.greenhouse.io/job-board.html; platform legal notices: https://www.greenhouse.com/legal. No open redistribution license identified in the API response. Employer retains rights in posting text. Retained for this private coursework corpus; no public dataset publication or redistribution license claimed.,1,https://boards-api.greenhouse.io/v1/boards/revolutionmedicines/jobs?content=true,revolutionmedicines
https://www.revmed.com/careers-list/?gh_jid=7726527003,Revolution Medicines,2026-09-20T02:02:16.457423+00:00,Revolution Medicines public job advertisement retrieved using the unauthenticated Greenhouse Job Board GET API. Access documentation: https://docs.greenhouse.io/job-board.html; platform legal notices: https://www.greenhouse.com/legal. No open redistribution license identified in the API response. Employer retains rights in posting text. Retained for this private coursework corpus; no public dataset publication or redistribution license claimed.,1,https://boards-api.greenhouse.io/v1/boards/revolutionmedicines/jobs?content=true,revolutionmedicines
https://www.revmed.com/careers-list/?gh_jid=7732651003,Revolution Medicines,2026-09-20T02:02:16.457423+00:00,Revolution Medicines public job advertisement retrieved using the unauthenticated Greenhouse Job Board GET API. Access documentation: https://docs.greenhouse.io/job-board.html; platform legal notices: https://www.greenhouse.com/legal. No open redistribution license identified in the API response. Employer retains rights in posting text. Retained for this private coursework corpus; no public dataset publication or redistribution license claimed.,1,https://boards-api.greenhouse.io/v1/boards/revolutionmedicines/jobs?content=true,revolutionmedicines
https://www.revmed.com/careers-list/?gh_jid=7751588003,Revolution Medicines,2026-09-20T02:02:16.457423+00:00,Revolution Medicines public job advertisement retrieved using the unauthenticated Greenhouse Job Board GET API. Access documentation: https://docs.greenhouse.io/job-board.html; platform legal notices: https://www.greenhouse.com/legal. No open redistribution license identified in the API response. Employer retains rights in posting text. Retained for this private coursework corpus; no public dataset publication or redistribution license claimed.,1,https://boards-api.greenhouse.io/v1/boards/revolutionmedicines/jobs?content=true,revolutionmedicines
https://www.revmed.com/careers-list/?gh_jid=7773974003,Revolution Medicines,2026-09-20T02:02:16.457423+00:00,Revolution Medicines public job advertisement retrieved using the unauthenticated Greenhouse Job Board GET API. Access documentation: https://docs.greenhouse.io/job-board.html; platform legal notices: https://www.greenhouse.com/legal. No open redistribution license identified in the API response. Employer retains rights in posting text. Retained for this private coursework corpus; no public dataset publication or redistribution license claimed.,1,https://boards-api.greenhouse.io/v1/boards/revolutionmedicines/jobs?content=true,revolutionmedicines
https://www.revmed.com/careers-list/?gh_jid=7774092003,Revolution Medicines,2026-09-20T02:02:16.457423+00:00,Revolution Medicines public job advertisement retrieved using the unauthenticated Greenhouse Job Board GET API. Access documentation: https://docs.greenhouse.io/job-board.html; platform legal notices: https://www.greenhouse.com/legal. No open redistribution license identified in the API response. Employer retains rights in posting text. Retained for this private coursework corpus; no public dataset publication or redistribution license claimed.,1,https://boards-api.greenhouse.io/v1/boards/revolutionmedicines/jobs?content=true,revolutionmedicines
https://www.revmed.com/careers-list/?gh_jid=7775246003,Revolution Medicines,2026-09-20T02:02:16.457423+00:00,Revolution Medicines public job advertisement retrieved using the unauthenticated Greenhouse Job Board GET API. Access documentation: https://docs.greenhouse.io/job-board.html; platform legal notices: https://www.greenhouse.com/legal. No open redistribution license identified in the API response. Employer retains rights in posting text. Retained for this private coursework corpus; no public dataset publication or redistribution license claimed.,1,https://boards-api.greenhouse.io/v1/boards/revolutionmedicines/jobs?content=true,revolutionmedicines
https://www.revmed.com/careers-list/?gh_jid=7776945003,Revolution Medicines,2026-09-20T02:02:16.457423+00:00,Revolution Medicines public job advertisement retrieved using the unauthenticated Greenhouse Job Board GET API. Access documentation: https://docs.greenhouse.io/job-board.html; platform legal notices: https://www.greenhouse.com/legal. No open redistribution license identified in the API response. Employer retains rights in posting text. Retained for this private coursework corpus; no public dataset publication or redistribution license claimed.,1,https://boards-api.greenhouse.io/v1/boards/revolutionmedicines/jobs?content=true,revolutionmedicines
https://www.revmed.com/careers-list/?gh_jid=7776998003,Revolution Medicines,2026-09-20T02:02:16.457423+00:00,Revolution Medicines public job advertisement retrieved using the unauthenticated Greenhouse Job Board GET API. Access documentation: https://docs.greenhouse.io/job-board.html; platform legal notices: https://www.greenhouse.com/legal. No open redistribution license identified in the API response. Employer retains rights in posting text. Retained for this private coursework corpus; no public dataset publication or redistribution license claimed.,1,https://boards-api.greenhouse.io/v1/boards/revolutionmedicines/jobs?content=true,revolutionmedicines
https://www.revmed.com/careers-list/?gh_jid=7777012003,Revolution Medicines,2026-09-20T02:02:16.457423+00:00,Revolution Medicines public job advertisement retrieved using the unauthenticated Greenhouse Job Board GET API. Access documentation: https://docs.greenhouse.io/job-board.html; platform legal notices: https://www.greenhouse.com/legal. No open redistribution license identified in the API response. Employer retains rights in posting text. Retained for this private coursework corpus; no public dataset publication or redistribution license claimed.,1,https://boards-api.greenhouse.io/v1/boards/revolutionmedicines/jobs?content=true,revolutionmedicines
https://www.revmed.com/careers-list/?gh_jid=7792110003,Revolution Medicines,2026-09-20T02:02:16.457423+00:00,Revolution Medicines public job advertisement retrieved using the unauthenticated Greenhouse Job Board GET API. Access documentation: https://docs.greenhouse.io/job-board.html; platform legal notices: https://www.greenhouse.com/legal. No open redistribution license identified in the API response. Employer retains rights in posting text. Retained for this private coursework corpus; no public dataset publication or redistribution license claimed.,1,https://boards-api.greenhouse.io/v1/boards/revolutionmedicines/jobs?content=true,revolutionmedicines
https://www.revmed.com/careers-list/?gh_jid=7803101003,Revolution Medicines,2026-09-20T02:02:16.457423+00:00,Revolution Medicines public job advertisement retrieved using the unauthenticated Greenhouse Job Board GET API. Access documentation: https://docs.greenhouse.io/job-board.html; platform legal notices: https://www.greenhouse.com/legal. No open redistribution license identified in the API response. Employer retains rights in posting text. Retained for this private coursework corpus; no public dataset publication or redistribution license claimed.,1,https://boards-api.greenhouse.io/v1/boards/revolutionmedicines/jobs?content=true,revolutionmedicines
https://www.revmed.com/careers-list/?gh_jid=7805306003,Revolution Medicines,2026-09-20T02:02:16.457423+00:00,Revolution Medicines public job advertisement retrieved using the unauthenticated Greenhouse Job Board GET API. Access documentation: https://docs.greenhouse.io/job-board.html; platform legal notices: https://www.greenhouse.com/legal. No open redistribution license identified in the API response. Employer retains rights in posting text. Retained for this private coursework corpus; no public dataset publication or redistribution license claimed.,1,https://boards-api.greenhouse.io/v1/boards/revolutionmedicines/jobs?content=true,revolutionmedicines
https://www.revmed.com/careers-list/?gh_jid=7808341003,Revolution Medicines,2026-09-20T02:02:16.457423+00:00,Revolution Medicines public job advertisement retrieved using the unauthenticated Greenhouse Job Board GET API. Access documentation: https://docs.greenhouse.io/job-board.html; platform legal notices: https://www.greenhouse.com/legal. No open redistribution license identified in the API response. Employer retains rights in posting text. Retained for this private coursework corpus; no public dataset publication or redistribution license claimed.,1,https://boards-api.greenhouse.io/v1/boards/revolutionmedicines/jobs?content=true,revolutionmedicines
https://www.revmed.com/careers-list/?gh_jid=7812375003,Revolution Medicines,2026-09-20T02:02:16.457423+00:00,Revolution Medicines public job advertisement retrieved using the unauthenticated Greenhouse Job Board GET API. Access documentation: https://docs.greenhouse.io/job-board.html; platform legal notices: https://www.greenhouse.com/legal. No open redistribution license identified in the API response. Employer retains rights in posting text. Retained for this private coursework corpus; no public dataset publication or redistribution license claimed.,1,https://boards-api.greenhouse.io/v1/boards/revolutionmedicines/jobs?content=true,revolutionmedicines
https://www.revmed.com/careers-list/?gh_jid=7824979003,Revolution Medicines,2026-09-20T02:02:16.457423+00:00,Revolution Medicines public job advertisement retrieved using the unauthenticated Greenhouse Job Board GET API. Access documentation: https://docs.greenhouse.io/job-board.html; platform legal notices: https://www.greenhouse.com/legal. No open redistribution license identified in the API response. Employer retains rights in posting text. Retained for this private coursework corpus; no public dataset publication or redistribution license claimed.,1,https://boards-api.greenhouse.io/v1/boards/revolutionmedicines/jobs?content=true,revolutionmedicines
https://www.revmed.com/careers-list/?gh_jid=7825022003,Revolution Medicines,2026-09-20T02:02:16.457423+00:00,Revolution Medicines public job advertisement retrieved using the unauthenticated Greenhouse Job Board GET API. Access documentation: https://docs.greenhouse.io/job-board.html; platform legal notices: https://www.greenhouse.com/legal. No open redistribution license identified in the API response. Employer retains rights in posting text. Retained for this private coursework corpus; no public dataset publication or redistribution license claimed.,1,https://boards-api.greenhouse.io/v1/boards/revolutionmedicines/jobs?content=true,revolutionmedicines
https://www.revmed.com/careers-list/?gh_jid=7826788003,Revolution Medicines,2026-09-20T02:02:16.457423+00:00,Revolution Medicines public job advertisement retrieved using the unauthenticated Greenhouse Job Board GET API. Access documentation: https://docs.greenhouse.io/job-board.html; platform legal notices: https://www.greenhouse.com/legal. No open redistribution license identified in the API response. Employer retains rights in posting text. Retained for this private coursework corpus; no public dataset publication or redistribution license claimed.,1,https://boards-api.greenhouse.io/v1/boards/revolutionmedicines/jobs?content=true,revolutionmedicines
https://www.revmed.com/careers-list/?gh_jid=7829423003,Revolution Medicines,2026-09-20T02:02:16.457423+00:00,Revolution Medicines public job advertisement retrieved using the unauthenticated Greenhouse Job Board GET API. Access documentation: https://docs.greenhouse.io/job-board.html; platform legal notices: https://www.greenhouse.com/legal. No open redistribution license identified in the API response. Employer retains rights in posting text. Retained for this private coursework corpus; no public dataset publication or redistribution license claimed.,1,https://boards-api.greenhouse.io/v1/boards/revolutionmedicines/jobs?content=true,revolutionmedicines
https://www.revmed.com/careers-list/?gh_jid=7830316003,Revolution Medicines,2026-09-20T02:02:16.457423+00:00,Revolution Medicines public job advertisement retrieved using the unauthenticated Greenhouse Job Board GET API. Access documentation: https://docs.greenhouse.io/job-board.html; platform legal notices: https://www.greenhouse.com/legal. No open redistribution license identified in the API response. Employer retains rights in posting text. Retained for this private coursework corpus; no public dataset publication or redistribution license claimed.,1,https://boards-api.greenhouse.io/v1/boards/revolutionmedicines/jobs?content=true,revolutionmedicines
https://www.revmed.com/careers-list/?gh_jid=7836119003,Revolution Medicines,2026-09-20T02:02:16.457423+00:00,Revolution Medicines public job advertisement retrieved using the unauthenticated Greenhouse Job Board GET API. Access documentation: https://docs.greenhouse.io/job-board.html; platform legal notices: https://www.greenhouse.com/legal. No open redistribution license identified in the API response. Employer retains rights in posting text. Retained for this private coursework corpus; no public dataset publication or redistribution license claimed.,1,https://boards-api.greenhouse.io/v1/boards/revolutionmedicines/jobs?content=true,revolutionmedicines
https://www.revmed.com/careers-list/?gh_jid=7849346003,Revolution Medicines,2026-09-20T02:02:16.457423+00:00,Revolution Medicines public job advertisement retrieved using the unauthenticated Greenhouse Job Board GET API. Access documentation: https://docs.greenhouse.io/job-board.html; platform legal notices: https://www.greenhouse.com/legal. No open redistribution license identified in the API response. Employer retains rights in posting text. Retained for this private coursework corpus; no public dataset publication or redistribution license claimed.,1,https://boards-api.greenhouse.io/v1/boards/revolutionmedicines/jobs?content=true,revolutionmedicines
https://www.revmed.com/careers-list/?gh_jid=7849787003,Revolution Medicines,2026-09-20T02:02:16.457423+00:00,Revolution Medicines public job advertisement retrieved using the unauthenticated Greenhouse Job Board GET API. Access documentation: https://docs.greenhouse.io/job-board.html; platform legal notices: https://www.greenhouse.com/legal. No open redistribution license identified in the API response. Employer retains rights in posting text. Retained for this private coursework corpus; no public dataset publication or redistribution license claimed.,1,https://boards-api.greenhouse.io/v1/boards/revolutionmedicines/jobs?content=true,revolutionmedicines
https://www.revmed.com/careers-list/?gh_jid=7850775003,Revolution Medicines,2026-09-20T02:02:16.457423+00:00,Revolution Medicines public job advertisement retrieved using the unauthenticated Greenhouse Job Board GET API. Access documentation: https://docs.greenhouse.io/job-board.html; platform legal notices: https://www.greenhouse.com/legal. No open redistribution license identified in the API response. Employer retains rights in posting text. Retained for this private coursework corpus; no public dataset publication or redistribution license claimed.,1,https://boards-api.greenhouse.io/v1/boards/revolutionmedicines/jobs?content=true,revolutionmedicines
https://www.revmed.com/careers-list/?gh_jid=7860071003,Revolution Medicines,2026-09-20T02:02:16.457423+00:00,Revolution Medicines public job advertisement retrieved using the unauthenticated Greenhouse Job Board GET API. Access documentation: https://docs.greenhouse.io/job-board.html; platform legal notices: https://www.greenhouse.com/legal. No open redistribution license identified in the API response. Employer retains rights in posting text. Retained for this private coursework corpus; no public dataset publication or redistribution license claimed.,1,https://boards-api.greenhouse.io/v1/boards/revolutionmedicines/jobs?content=true,revolutionmedicines
https://www.revmed.com/careers-list/?gh_jid=7860827003,Revolution Medicines,2026-09-20T02:02:16.457423+00:00,Revolution Medicines public job advertisement retrieved using the unauthenticated Greenhouse Job Board GET API. Access documentation: https://docs.greenhouse.io/job-board.html; platform legal notices: https://www.greenhouse.com/legal. No open redistribution license identified in the API response. Employer retains rights in posting text. Retained for this private coursework corpus; no public dataset publication or redistribution license claimed.,1,https://boards-api.greenhouse.io/v1/boards/revolutionmedicines/jobs?content=true,revolutionmedicines
https://www.revmed.com/careers-list/?gh_jid=7867247003,Revolution Medicines,2026-09-20T02:02:16.457423+00:00,Revolution Medicines public job advertisement retrieved using the unauthenticated Greenhouse Job Board GET API. Access documentation: https://docs.greenhouse.io/job-board.html; platform legal notices: https://www.greenhouse.com/legal. No open redistribution license identified in the API response. Employer retains rights in posting text. Retained for this private coursework corpus; no public dataset publication or redistribution license claimed.,1,https://boards-api.greenhouse.io/v1/boards/revolutionmedicines/jobs?content=true,revolutionmedicines
https://www.revmed.com/careers-list/?gh_jid=7872583003,Revolution Medicines,2026-09-20T02:02:16.457423+00:00,Revolution Medicines public job advertisement retrieved using the unauthenticated Greenhouse Job Board GET API. Access documentation: https://docs.greenhouse.io/job-board.html; platform legal notices: https://www.greenhouse.com/legal. No open redistribution license identified in the API response. Employer retains rights in posting text. Retained for this private coursework corpus; no public dataset publication or redistribution license claimed.,1,https://boards-api.greenhouse.io/v1/boards/revolutionmedicines/jobs?content=true,revolutionmedicines
https://www.revmed.com/careers-list/?gh_jid=7886363003,Revolution Medicines,2026-09-20T02:02:16.457423+00:00,Revolution Medicines public job advertisement retrieved using the unauthenticated Greenhouse Job Board GET API. Access documentation: https://docs.greenhouse.io/job-board.html; platform legal notices: https://www.greenhouse.com/legal. No open redistribution license identified in the API response. Employer retains rights in posting text. Retained for this private coursework corpus; no public dataset publication or redistribution license claimed.,1,https://boards-api.greenhouse.io/v1/boards/revolutionmedicines/jobs?content=true,revolutionmedicines
https://www.revmed.com/careers-list/?gh_jid=7887615003,Revolution Medicines,2026-09-20T02:02:16.457423+00:00,Revolution Medicines public job advertisement retrieved using the unauthenticated Greenhouse Job Board GET API. Access documentation: https://docs.greenhouse.io/job-board.html; platform legal notices: https://www.greenhouse.com/legal. No open redistribution license identified in the API response. Employer retains rights in posting text. Retained for this private coursework corpus; no public dataset publication or redistribution license claimed.,1,https://boards-api.greenhouse.io/v1/boards/revolutionmedicines/jobs?content=true,revolutionmedicines
https://www.revmed.com/careers-list/?gh_jid=7896023003,Revolution Medicines,2026-09-20T02:02:16.457423+00:00,Revolution Medicines public job advertisement retrieved using the unauthenticated Greenhouse Job Board GET API. Access documentation: https://docs.greenhouse.io/job-board.html; platform legal notices: https://www.greenhouse.com/legal. No open redistribution license identified in the API response. Employer retains rights in posting text. Retained for this private coursework corpus; no public dataset publication or redistribution license claimed.,1,https://boards-api.greenhouse.io/v1/boards/revolutionmedicines/jobs?content=true,revolutionmedicines
https://www.revmed.com/careers-list/?gh_jid=7921809003,Revolution Medicines,2026-09-20T02:02:16.457423+00:00,Revolution Medicines public job advertisement retrieved using the unauthenticated Greenhouse Job Board GET API. Access documentation: https://docs.greenhouse.io/job-board.html; platform legal notices: https://www.greenhouse.com/legal. No open redistribution license identified in the API response. Employer retains rights in posting text. Retained for this private coursework corpus; no public dataset publication or redistribution license claimed.,1,https://boards-api.greenhouse.io/v1/boards/revolutionmedicines/jobs?content=true,revolutionmedicines
https://www.revmed.com/careers-list/?gh_jid=7934300003,Revolution Medicines,2026-09-20T02:02:16.457423+00:00,Revolution Medicines public job advertisement retrieved using the unauthenticated Greenhouse Job Board GET API. Access documentation: https://docs.greenhouse.io/job-board.html; platform legal notices: https://www.greenhouse.com/legal. No open redistribution license identified in the API response. Employer retains rights in posting text. Retained for this private coursework corpus; no public dataset publication or redistribution license claimed.,1,https://boards-api.greenhouse.io/v1/boards/revolutionmedicines/jobs?content=true,revolutionmedicines
https://www.revmed.com/careers-list/?gh_jid=7982309003,Revolution Medicines,2026-09-20T02:02:16.457423+00:00,Revolution Medicines public job advertisement retrieved using the unauthenticated Greenhouse Job Board GET API. Access documentation: https://docs.greenhouse.io/job-board.html; platform legal notices: https://www.greenhouse.com/legal. No open redistribution license identified in the API response. Employer retains rights in posting text. Retained for this private coursework corpus; no public dataset publication or redistribution license claimed.,1,https://boards-api.greenhouse.io/v1/boards/revolutionmedicines/jobs?content=true,revolutionmedicines
https://www.revmed.com/careers-list/?gh_jid=7982674003,Revolution Medicines,2026-09-20T02:02:16.457423+00:00,Revolution Medicines public job advertisement retrieved using the unauthenticated Greenhouse Job Board GET API. Access documentation: https://docs.greenhouse.io/job-board.html; platform legal notices: https://www.greenhouse.com/legal. No open redistribution license identified in the API response. Employer retains rights in posting text. Retained for this private coursework corpus; no public dataset publication or redistribution license claimed.,1,https://boards-api.greenhouse.io/v1/boards/revolutionmedicines/jobs?content=true,revolutionmedicines
https://www.revmed.com/careers-list/?gh_jid=7983853003,Revolution Medicines,2026-09-20T02:02:16.457423+00:00,Revolution Medicines public job advertisement retrieved using the unauthenticated Greenhouse Job Board GET API. Access documentation: https://docs.greenhouse.io/job-board.html; platform legal notices: https://www.greenhouse.com/legal. No open redistribution license identified in the API response. Employer retains rights in posting text. Retained for this private coursework corpus; no public dataset publication or redistribution license claimed.,1,https://boards-api.greenhouse.io/v1/boards/revolutionmedicines/jobs?content=true,revolutionmedicines
https://www.revmed.com/careers-list/?gh_jid=7984060003,Revolution Medicines,2026-09-20T02:02:16.457423+00:00,Revolution Medicines public job advertisement retrieved using the unauthenticated Greenhouse Job Board GET API. Access documentation: https://docs.greenhouse.io/job-board.html; platform legal notices: https://www.greenhouse.com/legal. No open redistribution license identified in the API response. Employer retains rights in posting text. Retained for this private coursework corpus; no public dataset publication or redistribution license claimed.,1,https://boards-api.greenhouse.io/v1/boards/revolutionmedicines/jobs?content=true,revolutionmedicines
https://www.revmed.com/careers-list/?gh_jid=7985784003,Revolution Medicines,2026-09-20T02:02:16.457423+00:00,Revolution Medicines public job advertisement retrieved using the unauthenticated Greenhouse Job Board GET API. Access documentation: https://docs.greenhouse.io/job-board.html; platform legal notices: https://www.greenhouse.com/legal. No open redistribution license identified in the API response. Employer retains rights in posting text. Retained for this private coursework corpus; no public dataset publication or redistribution license claimed.,1,https://boards-api.greenhouse.io/v1/boards/revolutionmedicines/jobs?content=true,revolutionmedicines
https://www.revmed.com/careers-list/?gh_jid=7990782003,Revolution Medicines,2026-09-20T02:02:16.457423+00:00,Revolution Medicines public job advertisement retrieved using the unauthenticated Greenhouse Job Board GET API. Access documentation: https://docs.greenhouse.io/job-board.html; platform legal notices: https://www.greenhouse.com/legal. No open redistribution license identified in the API response. Employer retains rights in posting text. Retained for this private coursework corpus; no public dataset publication or redistribution license claimed.,1,https://boards-api.greenhouse.io/v1/boards/revolutionmedicines/jobs?content=true,revolutionmedicines
https://www.revmed.com/careers-list/?gh_jid=7996594003,Revolution Medicines,2026-09-20T02:02:16.457423+00:00,Revolution Medicines public job advertisement retrieved using the unauthenticated Greenhouse Job Board GET API. Access documentation: https://docs.greenhouse.io/job-board.html; platform legal notices: https://www.greenhouse.com/legal. No open redistribution license identified in the API response. Employer retains rights in posting text. Retained for this private coursework corpus; no public dataset publication or redistribution license claimed.,1,https://boards-api.greenhouse.io/v1/boards/revolutionmedicines/jobs?content=true,revolutionmedicines
https://www.revmed.com/careers-list/?gh_jid=7997422003,Revolution Medicines,2026-09-20T02:02:16.457423+00:00,Revolution Medicines public job advertisement retrieved using the unauthenticated Greenhouse Job Board GET API. Access documentation: https://docs.greenhouse.io/job-board.html; platform legal notices: https://www.greenhouse.com/legal. No open redistribution license identified in the API response. Employer retains rights in posting text. Retained for this private coursework corpus; no public dataset publication or redistribution license claimed.,1,https://boards-api.greenhouse.io/v1/boards/revolutionmedicines/jobs?content=true,revolutionmedicines
https://www.revmed.com/careers-list/?gh_jid=7997424003,Revolution Medicines,2026-09-20T02:02:16.457423+00:00,Revolution Medicines public job advertisement retrieved using the unauthenticated Greenhouse Job Board GET API. Access documentation: https://docs.greenhouse.io/job-board.html; platform legal notices: https://www.greenhouse.com/legal. No open redistribution license identified in the API response. Employer retains rights in posting text. Retained for this private coursework corpus; no public dataset publication or redistribution license claimed.,1,https://boards-api.greenhouse.io/v1/boards/revolutionmedicines/jobs?content=true,revolutionmedicines
https://www.revmed.com/careers-list/?gh_jid=7997783003,Revolution Medicines,2026-09-20T02:02:16.457423+00:00,Revolution Medicines public job advertisement retrieved using the unauthenticated Greenhouse Job Board GET API. Access documentation: https://docs.greenhouse.io/job-board.html; platform legal notices: https://www.greenhouse.com/legal. No open redistribution license identified in the API response. Employer retains rights in posting text. Retained for this private coursework corpus; no public dataset publication or redistribution license claimed.,1,https://boards-api.greenhouse.io/v1/boards/revolutionmedicines/jobs?content=true,revolutionmedicines
https://www.revmed.com/careers-list/?gh_jid=7998395003,Revolution Medicines,2026-09-20T02:02:16.457423+00:00,Revolution Medicines public job advertisement retrieved using the unauthenticated Greenhouse Job Board GET API. Access documentation: https://docs.greenhouse.io/job-board.html; platform legal notices: https://www.greenhouse.com/legal. No open redistribution license identified in the API response. Employer retains rights in posting text. Retained for this private coursework corpus; no public dataset publication or redistribution license claimed.,1,https://boards-api.greenhouse.io/v1/boards/revolutionmedicines/jobs?content=true,revolutionmedicines
https://www.revmed.com/careers-list/?gh_jid=7999387003,Revolution Medicines,2026-09-20T02:02:16.457423+00:00,Revolution Medicines public job advertisement retrieved using the unauthenticated Greenhouse Job Board GET API. Access documentation: https://docs.greenhouse.io/job-board.html; platform legal notices: https://www.greenhouse.com/legal. No open redistribution license identified in the API response. Employer retains rights in posting text. Retained for this private coursework corpus; no public dataset publication or redistribution license claimed.,1,https://boards-api.greenhouse.io/v1/boards/revolutionmedicines/jobs?content=true,revolutionmedicines
https://www.revmed.com/careers-list/?gh_jid=7999589003,Revolution Medicines,2026-09-20T02:02:16.457423+00:00,Revolution Medicines public job advertisement retrieved using the unauthenticated Greenhouse Job Board GET API. Access documentation: https://docs.greenhouse.io/job-board.html; platform legal notices: https://www.greenhouse.com/legal. No open redistribution license identified in the API response. Employer retains rights in posting text. Retained for this private coursework corpus; no public dataset publication or redistribution license claimed.,1,https://boards-api.greenhouse.io/v1/boards/revolutionmedicines/jobs?content=true,revolutionmedicines
